t_h,T_glucosa_C,m_ton,fase
0.0,40.0,252.00054500056257,calentamiento
0.0,40.0,252.00054500056257,descarga
8.386893444664523e-05,40.00006807229905,252.00054500056257,descarga
0.0009225582789130976,40.00074877936981,252.00054500056257,descarga
0.009309451723577621,40.00755425834614,252.00054500056257,descarga
0.025976118390244284,40.021069708123036,252.00054500056257,descarga
0.04264278505691095,40.03457374185953,252.00054500056257,descarga
0.05930945172357762,40.04806636901527,252.00054500056257,descarga
0.07597611839024429,40.06154759904234,252.00054500056257,descarga
0.09264278505691095,40.0750174413853,252.00054500056257,descarga
0.10930945172357762,40.08847590548114,252.00054500056257,descarga
0.12597611839024428,40.101923000759335,252.00054500056257,descarga
0.14264278505691094,40.11535873664181,252.00054500056257,descarga
0.1593094517235776,40.12878312254298,252.00054500056257,descarga
0.1759761183902443,40.14219616786972,252.00054500056257,descarga
0.19264278505691096,40.15559788202141,252.00054500056257,descarga
0.20930945172357762,40.16898827438992,252.00054500056257,descarga
0.22597611839024428,40.1823673543596,252.00054500056257,descarga
0.24264278505691095,40.195735131307316,252.00054500056257,descarga
0.2593094517235776,40.20909161460244,252.00054500056257,descarga
0.2759761183902443,40.22243681360686,252.00054500056257,descarga
0.29264278505691094,40.235770737674976,252.00054500056257,descarga
0.3093094517235776,40.24909339615372,252.00054500056257,descarga
0.32597611839024426,40.262404798382555,252.00054500056257,descarga
0.3426427850569109,40.27570495369348,252.00054500056257,descarga
0.35930945172357764,40.28899387141102,252.00054500056257,descarga
0.3759761183902443,40.30227156085228,252.00054500056257,descarga
0.39264278505691097,40.315538031326895,252.00054500056257,descarga
0.40930945172357763,40.32879329213706,252.00054500056257,descarga
0.4259761183902443,40.342037352577535,252.00054500056257,descarga
0.44264278505691096,40.35527022193566,252.00054500056257,descarga
0.4593094517235776,40.368491909491354,252.00054500056257,descarga
0.4759761183902443,40.3817024245171,252.00054500056257,descarga
0.49264278505691095,40.394901776277976,252.00054500056257,descarga
0.5093094517235777,40.40808997403166,252.00054500056257,descarga
0.5259761183902443,40.42126702702842,252.00054500056257,descarga
0.542642785056911,40.43443294451113,252.00054500056257,descarga
0.5593094517235776,40.447587735715274,252.00054500056257,descarga
0.5759761183902443,40.46073140986895,252.00054500056257,descarga
0.5926427850569109,40.473863976192874,252.00054500056257,descarga
0.6093094517235776,40.4869854439004,252.00054500056257,descarga
0.6259761183902443,40.5000958221975,252.00054500056257,descarga
0.642642785056911,40.513195120282795,252.00054500056257,descarga
0.6593094517235776,40.52628334734754,252.00054500056257,descarga
0.6759761183902443,40.53936051257564,252.00054500056257,descarga
0.6926427850569109,40.55242662514366,252.00054500056257,descarga
0.7093094517235776,40.56548169422082,252.00054500056257,descarga
0.7259761183902443,40.578525728969005,252.00054500056257,descarga
0.742642785056911,40.59155873854277,252.00054500056257,descarga
0.7593094517235777,40.60458073208936,252.00054500056257,descarga
0.7759761183902443,40.61759171874868,252.00054500056257,descarga
0.792642785056911,40.63059170765333,252.00054500056257,descarga
0.8093094517235776,40.64358070792861,252.00054500056257,descarga
0.8259761183902443,40.656558728692524,252.00054500056257,descarga
0.8426427850569109,40.66952577905575,252.00054500056257,descarga
0.8593094517235776,40.68248186812171,252.00054500056257,descarga
0.8759761183902443,40.69542700498653,252.00054500056257,descarga
0.892642785056911,40.70836119873904,252.00054500056257,descarga
0.9093094517235776,40.72128445846082,252.00054500056257,descarga
0.9259761183902443,40.73419679322617,252.00054500056257,descarga
0.9426427850569109,40.74709821210212,252.00054500056257,descarga
0.9593094517235776,40.75998872414846,252.00054500056257,descarga
0.9759761183902443,40.77286833841771,252.00054500056257,descarga
0.992642785056911,40.78573706395516,252.00054500056257,descarga
1.0093094517235777,40.798594909798844,252.00054500056257,descarga
1.0259761183902443,40.81144188497957,252.00054500056257,descarga
1.0426427850569109,40.82427799852092,252.00054500056257,descarga
1.0593094517235777,40.83710325943924,252.00054500056257,descarga
1.0759761183902443,40.84991767674366,252.00054500056257,descarga
1.092642785056911,40.8627212594361,252.00054500056257,descarga
1.1093094517235775,40.87551401651127,252.00054500056257,descarga
1.1259761183902444,40.888295956956675,252.00054500056257,descarga
1.1426427850569107,40.90106708975262,252.00054500056257,descarga
1.1593094517235776,40.913827423872235,252.00054500056257,descarga
1.1759761183902442,40.926576968281445,252.00054500056257,descarga
1.1926427850569108,40.939315731939004,252.00054500056257,descarga
1.2093094517235774,40.95204372379648,252.00054500056257,descarga
1.2259761183902442,40.96476095279828,252.00054500056257,descarga
1.2426427850569108,40.97746742788165,252.00054500056257,descarga
1.2593094517235774,40.99016315797667,252.00054500056257,descarga
1.275976118390244,41.00284815200625,252.00054500056257,descarga
1.2926427850569109,41.01552241888619,252.00054500056257,descarga
1.3093094517235775,41.02818596752512,252.00054500056257,descarga
1.325976118390244,41.040838806824524,252.00054500056257,descarga
1.342642785056911,41.053480945678785,252.00054500056257,descarga
1.3593094517235775,41.06611239297513,252.00054500056257,descarga
1.3759761183902441,41.078733157593675,252.00054500056257,descarga
1.3926427850569107,41.091343248407426,252.00054500056257,descarga
1.4093094517235776,41.10394267428227,252.00054500056257,descarga
1.4259761183902442,41.116531444077,252.00054500056257,descarga
1.4426427850569108,41.12910956664329,252.00054500056257,descarga
1.4593094517235774,41.14167705082573,252.00054500056257,descarga
1.4759761183902442,41.15423390546182,252.00054500056257,descarga
1.4926427850569108,41.16678013938199,252.00054500056257,descarga
1.5093094517235774,41.17931576140957,252.00054500056257,descarga
1.525976118390244,41.19184078036082,252.00054500056257,descarga
1.5426427850569109,41.20435520504494,252.00054500056257,descarga
1.5593094517235775,41.21685904426407,252.00054500056257,descarga
1.575976118390244,41.229352306813276,252.00054500056257,descarga
1.592642785056911,41.241835001480595,252.00054500056257,descarga
1.6093094517235775,41.254307137047,252.00054500056257,descarga
1.6259761183902441,41.26676872228643,252.00054500056257,descarga
1.6426427850569107,41.279219765965784,252.00054500056257,descarga
1.6593094517235776,41.29166027684494,252.00054500056257,descarga
1.6759761183902442,41.304090263676734,252.00054500056257,descarga
1.6926427850569108,41.316509735207006,252.00054500056257,descarga
1.7093094517235774,41.32891870017456,252.00054500056257,descarga
1.7259761183902442,41.3413171673112,252.00054500056257,descarga
1.7426427850569108,41.35370514534173,252.00054500056257,descarga
1.7593094517235774,41.36608264298393,252.00054500056257,descarga
1.775976118390244,41.37844966894863,252.00054500056257,descarga
1.7926427850569109,41.39080623193964,252.00054500056257,descarga
1.8093094517235775,41.4031523406538,252.00054500056257,descarga
1.825976118390244,41.41548800378095,252.00054500056257,descarga
1.842642785056911,41.42781323000399,252.00054500056257,descarga
1.8593094517235775,41.44012802799884,252.00054500056257,descarga
1.8759761183902441,41.452432406434454,252.00054500056257,descarga
1.8926427850569107,41.46472637397283,252.00054500056257,descarga
1.9093094517235776,41.47700993926902,252.00054500056257,descarga
1.9259761183902442,41.48928311097112,252.00054500056257,descarga
1.9426427850569108,41.501545897720305,252.00054500056257,descarga
1.9593094517235774,41.5137983081508,252.00054500056257,descarga
1.9759761183902442,41.52604035088989,252.00054500056257,descarga
1.9926427850569108,41.53827203455796,252.00054500056257,descarga
1.9999999999999996,41.54366820862285,252.00054500056257,descarga
1.9999999999999996,41.54366820862285,252.00054500056257,calentamiento
2.000131721568928,41.543679828261915,252.00054500056257,calentamiento
2.0014489372582105,41.543796024441306,252.00054500056257,calentamiento
2.01462109415104,41.54495796510508,252.00054500056257,calentamiento
2.0312877608177065,41.54642810797035,252.00054500056257,calentamiento
2.0479544274843735,41.5478981893264,252.00054500056257,calentamiento
2.06462109415104,41.549368209171654,252.00054500056257,calentamiento
2.0812877608177067,41.550838167504516,252.00054500056257,calentamiento
2.0979544274843733,41.552308064323405,252.00054500056257,calentamiento
2.11462109415104,41.553777899626745,252.00054500056257,calentamiento
2.1312877608177065,41.55524767341295,252.00054500056257,calentamiento
2.147954427484373,41.556717385680436,252.00054500056257,calentamiento
2.1646210941510398,41.558187036427626,252.00054500056257,calentamiento
2.181287760817707,41.55965662565294,252.00054500056257,calentamiento
2.1979544274843734,41.5611261533548,252.00054500056257,calentamiento
2.21462109415104,41.56259561953163,252.00054500056257,calentamiento
2.2312877608177066,41.56406502418184,252.00054500056257,calentamiento
2.2479544274843732,41.56553436730387,252.00054500056257,calentamiento
2.26462109415104,41.567003648896126,252.00054500056257,calentamiento
2.2812877608177065,41.56847286895704,252.00054500056257,calentamiento
2.2979544274843735,41.56994202748503,252.00054500056257,calentamiento
2.31462109415104,41.57141112447852,252.00054500056257,calentamiento
2.3312877608177067,41.572880159935956,252.00054500056257,calentamiento
2.3479544274843733,41.57434913385574,252.00054500056257,calentamiento
2.36462109415104,41.575818046236314,252.00054500056257,calentamiento
2.3812877608177065,41.57728689707609,252.00054500056257,calentamiento
2.397954427484373,41.57875568637351,252.00054500056257,calentamiento
2.4146210941510398,41.580224414127,252.00054500056257,calentamiento
2.431287760817707,41.581693080334986,252.00054500056257,calentamiento
2.4479544274843734,41.5831616849959,252.00054500056257,calentamiento
2.46462109415104,41.58463022810817,252.00054500056257,calentamiento
2.4812877608177066,41.586098709670225,252.00054500056257,calentamiento
2.4979544274843732,41.5875671296805,252.00054500056257,calentamiento
2.51462109415104,41.58903548813743,252.00054500056257,calentamiento
2.5312877608177065,41.59050378503944,252.00054500056257,calentamiento
2.5479544274843735,41.591972020384965,252.00054500056257,calentamiento
2.56462109415104,41.593440194172445,252.00054500056257,calentamiento
2.5812877608177067,41.594908306400306,252.00054500056257,calentamiento
2.5979544274843733,41.596376357066994,252.00054500056257,calentamiento
2.61462109415104,41.59784434617094,252.00054500056257,calentamiento
2.6312877608177065,41.599312273710574,252.00054500056257,calentamiento
2.647954427484373,41.60078013968434,252.00054500056257,calentamiento
2.6646210941510398,41.60224794409067,252.00054500056257,calentamiento
2.681287760817707,41.60371568692801,252.00054500056257,calentamiento
2.6979544274843734,41.6051833681948,252.00054500056257,calentamiento
2.71462109415104,41.60665098788947,252.00054500056257,calentamiento
2.7312877608177066,41.608118546010466,252.00054500056257,calentamiento
2.7479544274843732,41.609586042556224,252.00054500056257,calentamiento
2.76462109415104,41.61105347752519,252.00054500056257,calentamiento
2.7812877608177065,41.6125208509158,252.00054500056257,calentamiento
2.7979544274843735,41.6139881627265,252.00054500056257,calentamiento
2.81462109415104,41.61545541295574,252.00054500056257,calentamiento
2.8312877608177067,41.616922601601956,252.00054500056257,calentamiento
2.8479544274843733,41.618389728663594,252.00054500056257,calentamiento
2.86462109415104,41.619856794139096,252.00054500056257,calentamiento
2.8812877608177065,41.62132379802691,252.00054500056257,calentamiento
2.897954427484373,41.62279074032548,252.00054500056257,calentamiento
2.9146210941510398,41.62425762103325,252.00054500056257,calentamiento
2.931287760817707,41.62572444014868,252.00054500056257,calentamiento
2.9479544274843734,41.62719119767021,252.00054500056257,calentamiento
2.96462109415104,41.628657893596284,252.00054500056257,calentamiento
2.9812877608177066,41.630124527925354,252.00054500056257,calentamiento
2.9979544274843732,41.631591100655875,252.00054500056257,calentamiento
3.01462109415104,41.63305761178629,252.00054500056257,calentamiento
3.0312877608177065,41.634524061315055,252.00054500056257,calentamiento
3.0479544274843735,41.635990449240616,252.00054500056257,calentamiento
3.06462109415104,41.63745677556143,252.00054500056257,calentamiento
3.0812877608177067,41.63892304027595,252.00054500056257,calentamiento
3.0979544274843733,41.64038924338262,252.00054500056257,calentamiento
3.11462109415104,41.64185538487991,252.00054500056257,calentamiento
3.1312877608177065,41.64332146476627,252.00054500056257,calentamiento
3.147954427484373,41.64478748304014,252.00054500056257,calentamiento
3.1646210941510398,41.6462534397,252.00054500056257,calentamiento
3.181287760817707,41.64771933474428,252.00054500056257,calentamiento
3.1979544274843734,41.649185168171456,252.00054500056257,calentamiento
3.21462109415104,41.65065093997998,252.00054500056257,calentamiento
3.2312877608177066,41.65211665016832,252.00054500056257,calentamiento
3.2479544274843732,41.65358229873491,252.00054500056257,calentamiento
3.26462109415104,41.65504788567823,252.00054500056257,calentamiento
3.2812877608177065,41.65651341099673,252.00054500056257,calentamiento
3.2979544274843735,41.65797887468888,252.00054500056257,calentamiento
3.31462109415104,41.659444276753135,252.00054500056257,calentamiento
3.3312877608177067,41.660909617187954,252.00054500056257,calentamiento
3.3479544274843733,41.66237489599181,252.00054500056257,calentamiento
3.36462109415104,41.663840113163154,252.00054500056257,calentamiento
3.3812877608177065,41.66530526870046,252.00054500056257,calentamiento
3.397954427484373,41.66677036260218,252.00054500056257,calentamiento
3.4146210941510398,41.66823539486679,252.00054500056257,calentamiento
3.431287760817707,41.66970036549275,252.00054500056257,calentamiento
3.4479544274843734,41.67116527447853,252.00054500056257,calentamiento
3.46462109415104,41.67263012182259,252.00054500056257,calentamiento
3.4812877608177066,41.674094907523404,252.00054500056257,calentamiento
3.4979544274843732,41.67555963157944,252.00054500056257,calentamiento
3.51462109415104,41.677024293989156,252.00054500056257,calentamiento
3.5312877608177065,41.678488894751034,252.00054500056257,calentamiento
3.5479544274843735,41.67995343386354,252.00054500056257,calentamiento
3.56462109415104,41.681417911325134,252.00054500056257,calentamiento
3.5812877608177067,41.6828823271343,252.00054500056257,calentamiento
3.5979544274843733,41.684346681289504,252.00054500056257,calentamiento
3.61462109415104,41.68581097378922,252.00054500056257,calentamiento
3.6312877608177065,41.68727520463192,252.00054500056257,calentamiento
3.647954427484373,41.68873937381608,252.00054500056257,calentamiento
3.6646210941510398,41.69020348134016,252.00054500056257,calentamiento
3.681287760817707,41.691667527202654,252.00054500056257,calentamiento
3.6979544274843734,41.69313151140202,252.00054500056257,calentamiento
3.71462109415104,41.69459543393675,252.00054500056257,calentamiento
3.7312877608177066,41.69605929480531,252.00054500056257,calentamiento
3.7479544274843732,41.69752309400618,252.00054500056257,calentamiento
3.76462109415104,41.69898683153784,252.00054500056257,calentamiento
3.7812877608177065,41.700450507398756,252.00054500056257,calentamiento
3.7979544274843735,41.70191412158742,252.00054500056257,calentamiento
3.81462109415104,41.703377674102306,252.00054500056257,calentamiento
3.8312877608177067,41.7048411649419,252.00054500056257,calentamiento
3.8479544274843733,41.70630459410467,252.00054500056257,calentamiento
3.86462109415104,41.707767961589106,252.00054500056257,calentamiento
3.8812877608177065,41.70923126739369,252.00054500056257,calentamiento
3.897954427484373,41.7106945115169,252.00054500056257,calentamiento
3.9146210941510398,41.712157693957224,252.00054500056257,calentamiento
3.931287760817707,41.71362081471314,252.00054500056257,calentamiento
3.9479544274843734,41.715083873783136,252.00054500056257,calentamiento
3.96462109415104,41.7165468711657,252.00054500056257,calentamiento
3.9812877608177066,41.71800980685931,252.00054500056257,calentamiento
3.9979544274843732,41.71947268086245,252.00054500056257,calentamiento
4.01462109415104,41.72093549317362,252.00054500056257,calentamiento
4.0312877608177065,41.7223982437913,252.00054500056257,calentamiento
4.047954427484373,41.72386093271397,252.00054500056257,calentamiento
4.06462109415104,41.72532355994012,252.00054500056257,calentamiento
4.081287760817706,41.72678612546825,252.00054500056257,calentamiento
4.097954427484373,41.72824862929684,252.00054500056257,calentamiento
4.11462109415104,41.72971107142439,252.00054500056257,calentamiento
4.131287760817707,41.73117345184938,252.00054500056257,calentamiento
4.147954427484374,41.732635770570305,252.00054500056257,calentamiento
4.16462109415104,41.73409802758566,252.00054500056257,calentamiento
4.181287760817707,41.73556022289394,252.00054500056257,calentamiento
4.197954427484373,41.737022356493625,252.00054500056257,calentamiento
4.21462109415104,41.738484428383224,252.00054500056257,calentamiento
4.231287760817707,41.739946438561226,252.00054500056257,calentamiento
4.247954427484373,41.74140838702613,252.00054500056257,calentamiento
4.26462109415104,41.74287027377642,252.00054500056257,calentamiento
4.2812877608177065,41.744332098810595,252.00054500056257,calentamiento
4.297954427484373,41.74579386212716,252.00054500056257,calentamiento
4.31462109415104,41.74725556372461,252.00054500056257,calentamiento
4.331287760817706,41.74871720360144,252.00054500056257,calentamiento
4.347954427484373,41.75017878175615,252.00054500056257,calentamiento
4.36462109415104,41.75164029818723,252.00054500056257,calentamiento
4.381287760817707,41.7531017528932,252.00054500056257,calentamiento
4.397954427484374,41.754563145872545,252.00054500056257,calentamiento
4.41462109415104,41.75602447712377,252.00054500056257,calentamiento
4.431287760817707,41.75748574664538,252.00054500056257,calentamiento
4.447954427484373,41.75894695443587,252.00054500056257,calentamiento
4.46462109415104,41.76040810049375,252.00054500056257,calentamiento
4.481287760817707,41.76186918481752,252.00054500056257,calentamiento
4.497954427484373,41.76333020740569,252.00054500056257,calentamiento
4.51462109415104,41.76479116825675,252.00054500056257,calentamiento
4.5312877608177065,41.766252067369216,252.00054500056257,calentamiento
4.547954427484373,41.76771290474159,252.00054500056257,calentamiento
4.56462109415104,41.76917368037239,252.00054500056257,calentamiento
4.581287760817706,41.770634394260114,252.00054500056257,calentamiento
4.597954427484373,41.772095046403265,252.00054500056257,calentamiento
4.6146210941510395,41.77355563680036,252.00054500056257,calentamiento
4.631287760817706,41.7750161654499,252.00054500056257,calentamiento
4.647954427484373,41.776476632350395,252.00054500056257,calentamiento
4.664621094151039,41.777937037500365,252.00054500056257,calentamiento
4.681287760817706,41.77939738089831,252.00054500056257,calentamiento
4.6979544274843725,41.78085766254275,252.00054500056257,calentamiento
4.714621094151039,41.78231788243219,252.00054500056257,calentamiento
4.731287760817706,41.783778040565146,252.00054500056257,calentamiento
4.747954427484373,41.78523813694013,252.00054500056257,calentamiento
4.76462109415104,41.786698171555656,252.00054500056257,calentamiento
4.7812877608177065,41.78815814441024,252.00054500056257,calentamiento
4.797954427484373,41.789618055502395,252.00054500056257,calentamiento
4.8,41.789797232487274,252.00054500056257,calentamiento
4.8,41.789797232487274,252.00054500056257,descarga
4.80008663884464,41.789859682723616,252.00054500056257,descarga
4.800953027291041,41.79048416996733,252.00054500056257,descarga
4.809616911755053,41.79672753067791,252.00054500056257,descarga
4.8262835784217195,41.8087301230949,252.00054500056257,descarga
4.842950245088386,41.82072255560465,252.00054500056257,descarga
4.859616911755054,41.83270483666065,252.00054500056257,descarga
4.87628357842172,41.84467697470961,252.00054500056257,descarga
4.892950245088387,41.85663897819142,252.00054500056257,descarga
4.909616911755053,41.86859085553922,252.00054500056257,descarga
4.92628357842172,41.88053261517935,252.00054500056257,descarga
4.942950245088387,41.89246426553138,252.00054500056257,descarga
4.959616911755053,41.904385815008126,252.00054500056257,descarga
4.97628357842172,41.916297272015626,252.00054500056257,descarga
4.9929502450883865,41.92819864495316,252.00054500056257,descarga
5.009616911755053,41.94008994221327,252.00054500056257,descarga
5.02628357842172,41.951971172181736,252.00054500056257,descarga
5.042950245088386,41.9638423432376,252.00054500056257,descarga
5.059616911755053,41.97570346375317,252.00054500056257,descarga
5.0762835784217195,41.987554542094024,252.00054500056257,descarga
5.092950245088386,41.999395586619,252.00054500056257,descarga
5.109616911755054,42.011226605680235,252.00054500056257,descarga
5.12628357842172,42.02304760762313,252.00054500056257,descarga
5.142950245088387,42.03485860078638,252.00054500056257,descarga
5.159616911755053,42.04665959350198,252.00054500056257,descarga
5.17628357842172,42.05845059409522,252.00054500056257,descarga
5.192950245088387,42.07023161088469,252.00054500056257,descarga
5.209616911755053,42.08200265218229,252.00054500056257,descarga
5.22628357842172,42.09376372629323,252.00054500056257,descarga
5.2429502450883865,42.105514841516055,252.00054500056257,descarga
5.259616911755053,42.11725600614261,252.00054500056257,descarga
5.27628357842172,42.128987228458094,252.00054500056257,descarga
5.292950245088386,42.140708516741014,252.00054500056257,descarga
5.309616911755053,42.152419879263235,252.00054500056257,descarga
5.3262835784217195,42.16412132428996,252.00054500056257,descarga
5.342950245088386,42.17581286007974,252.00054500056257,descarga
5.359616911755054,42.187494494884476,252.00054500056257,descarga
5.37628357842172,42.19916623694944,252.00054500056257,descarga
5.392950245088387,42.21082809451326,252.00054500056257,descarga
5.409616911755053,42.22248007580794,252.00054500056257,descarga
5.42628357842172,42.23412218905884,252.00054500056257,descarga
5.442950245088387,42.24575444248471,252.00054500056257,descarga
5.459616911755053,42.257376844297696,252.00054500056257,descarga
5.47628357842172,42.26898940270332,252.00054500056257,descarga
5.4929502450883865,42.280592125900505,252.00054500056257,descarga
5.509616911755053,42.29218502208157,252.00054500056257,descarga
5.52628357842172,42.303768099432226,252.00054500056257,descarga
5.542950245088386,42.31534136613162,252.00054500056257,descarga
5.559616911755053,42.326904830352284,252.00054500056257,descarga
5.5762835784217195,42.338458500260195,252.00054500056257,descarga
5.592950245088386,42.350002384014736,252.00054500056257,descarga
5.609616911755054,42.36153648976873,252.00054500056257,descarga
5.62628357842172,42.373060825668425,252.00054500056257,descarga
5.642950245088387,42.38457539985352,252.00054500056257,descarga
5.659616911755053,42.396080220457144,252.00054500056257,descarga
5.67628357842172,42.40757529560589,252.00054500056257,descarga
5.692950245088387,42.41906063341979,252.00054500056257,descarga
5.709616911755053,42.430536242012344,252.00054500056257,descarga
5.72628357842172,42.44200212949052,252.00054500056257,descarga
5.7429502450883865,42.45345830395474,252.00054500056257,descarga
5.759616911755053,42.464904773498915,252.00054500056257,descarga
5.77628357842172,42.47634154621043,252.00054500056257,descarga
5.792950245088386,42.487768630170144,252.00054500056257,descarga
5.809616911755053,42.499186033452425,252.00054500056257,descarga
5.8262835784217195,42.51059376412511,252.00054500056257,descarga
5.842950245088386,42.52199183024956,252.00054500056257,descarga
5.859616911755054,42.53338023988062,252.00054500056257,descarga
5.87628357842172,42.54475900106665,252.00054500056257,descarga
5.892950245088387,42.556128121849525,252.00054500056257,descarga
5.909616911755053,42.567487610264635,252.00054500056257,descarga
5.92628357842172,42.5788374743409,252.00054500056257,descarga
5.942950245088387,42.59017772210076,252.00054500056257,descarga
5.959616911755053,42.60150836156019,252.00054500056257,descarga
5.97628357842172,42.61282940072871,252.00054500056257,descarga
5.9929502450883865,42.62414084760936,252.00054500056257,descarga
6.009616911755053,42.63544271019876,252.00054500056257,descarga
6.02628357842172,42.64673499648706,252.00054500056257,descarga
6.042950245088386,42.65801771445798,252.00054500056257,descarga
6.059616911755053,42.6692908720888,252.00054500056257,descarga
6.0762835784217195,42.680554477350356,252.00054500056257,descarga
6.092950245088386,42.69180853820706,252.00054500056257,descarga
6.109616911755054,42.70305306261692,252.00054500056257,descarga
6.12628357842172,42.714288058531494,252.00054500056257,descarga
6.142950245088387,42.72551353389595,252.00054500056257,descarga
6.159616911755053,42.73672949664904,252.00054500056257,descarga
6.17628357842172,42.74793595472312,252.00054500056257,descarga
6.192950245088387,42.75913291604413,252.00054500056257,descarga
6.209616911755053,42.77032038853164,252.00054500056257,descarga
6.22628357842172,42.78149838009881,252.00054500056257,descarga
6.2429502450883865,42.79266689865243,252.00054500056257,descarga
6.259616911755053,42.80382595209289,252.00054500056257,descarga
6.27628357842172,42.81497554831424,252.00054500056257,descarga
6.292950245088386,42.82611569520412,252.00054500056257,descarga
6.309616911755053,42.83724640064385,252.00054500056257,descarga
6.3262835784217195,42.848367672508346,252.00054500056257,descarga
6.342950245088386,42.85947951866619,252.00054500056257,descarga
6.359616911755054,42.87058194697962,252.00054500056257,descarga
6.37628357842172,42.88167496530452,252.00054500056257,descarga
6.392950245088387,42.89275858149043,252.00054500056257,descarga
6.409616911755053,42.90383280338057,252.00054500056257,descarga
6.42628357842172,42.914897638811794,252.00054500056257,descarga
6.442950245088387,42.92595309561467,252.00054500056257,descarga
6.459616911755053,42.93699918161343,252.00054500056257,descarga
6.47628357842172,42.94803590462598,252.00054500056257,descarga
6.4929502450883865,42.95906327246392,252.00054500056257,descarga
6.509616911755053,42.97008129293255,252.00054500056257,descarga
6.52628357842172,42.981089973830855,252.00054500056257,descarga
6.542950245088386,42.992089322951536,252.00054500056257,descarga
6.559616911755053,43.00307934808099,252.00054500056257,descarga
6.5762835784217195,43.01406005699933,252.00054500056257,descarga
6.592950245088386,43.02503145748038,252.00054500056257,descarga
6.609616911755054,43.03599355729171,252.00054500056257,descarga
6.62628357842172,43.04694636419459,252.00054500056257,descarga
6.642950245088387,43.05788988594403,252.00054500056257,descarga
6.659616911755053,43.06882413028877,252.00054500056257,descarga
6.67628357842172,43.0797491049713,252.00054500056257,descarga
6.692950245088387,43.090664817727856,252.00054500056257,descarga
6.709616911755053,43.10157127628841,252.00054500056257,descarga
6.72628357842172,43.11246848837671,252.00054500056257,descarga
6.7429502450883865,43.12335646171025,252.00054500056257,descarga
6.759616911755053,43.13423520400029,252.00054500056257,descarga
6.77628357842172,43.14510472295186,252.00054500056257,descarga
6.792950245088386,43.15596502626376,252.00054500056257,descarga
6.799999999999999,43.16055600327537,252.00054500056257,descarga
6.799999999999999,43.16055600327537,252.00054500056257,calentamiento
6.800134035505008,43.16056726286569,252.00054500056257,calentamiento
6.801474390555098,43.160679858545166,252.00054500056257,calentamiento
6.814877941055998,43.16180579296041,252.00054500056257,calentamiento
6.831544607722664,43.16320578118463,252.00054500056257,calentamiento
6.848211274389331,43.164605706493745,252.00054500056257,calentamiento
6.8648779410559975,43.16600556888684,252.00054500056257,calentamiento
6.881544607722664,43.167405368362985,252.00054500056257,calentamiento
6.898211274389332,43.168805104921276,252.00054500056257,calentamiento
6.914877941055998,43.170204778560795,252.00054500056257,calentamiento
6.931544607722665,43.17160438928063,252.00054500056257,calentamiento
6.948211274389331,43.17300393707986,252.00054500056257,calentamiento
6.964877941055998,43.17440342195758,252.00054500056257,calentamiento
6.981544607722665,43.17580284391287,252.00054500056257,calentamiento
6.998211274389331,43.17720220294483,252.00054500056257,calentamiento
7.014877941055998,43.17860149905253,252.00054500056257,calentamiento
7.031544607722664,43.18000073223507,252.00054500056257,calentamiento
7.048211274389331,43.18139990249154,252.00054500056257,calentamiento
7.064877941055998,43.18279900982103,252.00054500056257,calentamiento
7.081544607722664,43.18419805422263,252.00054500056257,calentamiento
7.098211274389331,43.18559703569542,252.00054500056257,calentamiento
7.1148779410559975,43.18699595423851,252.00054500056257,calentamiento
7.131544607722664,43.18839480985098,252.00054500056257,calentamiento
7.148211274389332,43.189793602531935,252.00054500056257,calentamiento
7.164877941055998,43.19119233228046,252.00054500056257,calentamiento
7.181544607722665,43.19259099909564,252.00054500056257,calentamiento
7.198211274389331,43.193989602976586,252.00054500056257,calentamiento
7.214877941055998,43.195388143922386,252.00054500056257,calentamiento
7.231544607722665,43.19678662193214,252.00054500056257,calentamiento
7.248211274389331,43.19818503700494,252.00054500056257,calentamiento
7.264877941055998,43.19958338913988,252.00054500056257,calentamiento
7.281544607722664,43.20098167833607,252.00054500056257,calentamiento
7.298211274389331,43.2023799045926,252.00054500056257,calentamiento
7.314877941055998,43.203778067908566,252.00054500056257,calentamiento
7.331544607722664,43.20517616828307,252.00054500056257,calentamiento
7.348211274389331,43.20657420571521,252.00054500056257,calentamiento
7.3648779410559975,43.20797218020409,252.00054500056257,calentamiento
7.381544607722664,43.20937009174881,252.00054500056257,calentamiento
7.398211274389332,43.210767940348475,252.00054500056257,calentamiento
7.414877941055998,43.21216572600218,252.00054500056257,calentamiento
7.431544607722665,43.21356344870904,252.00054500056257,calentamiento
7.448211274389331,43.21496110846814,252.00054500056257,calentamiento
7.464877941055998,43.216358705278594,252.00054500056257,calentamiento
7.481544607722665,43.21775623913951,252.00054500056257,calentamiento
7.498211274389331,43.21915371004999,252.00054500056257,calentamiento
7.514877941055998,43.22055111800913,252.00054500056257,calentamiento
7.531544607722664,43.221948463016055,252.00054500056257,calentamiento
7.548211274389331,43.22334574506986,252.00054500056257,calentamiento
7.564877941055998,43.22474296416965,252.00054500056257,calentamiento
7.581544607722664,43.22614012031454,252.00054500056257,calentamiento
7.598211274389331,43.22753721350364,252.00054500056257,calentamiento
7.6148779410559975,43.22893424373605,252.00054500056257,calentamiento
7.631544607722664,43.230331211010885,252.00054500056257,calentamiento
7.648211274389332,43.23172811532725,252.00054500056257,calentamiento
7.664877941055998,43.233124956684264,252.00054500056257,calentamiento
7.681544607722665,43.23452173508104,252.00054500056257,calentamiento
7.698211274389331,43.23591845051668,252.00054500056257,calentamiento
7.714877941055998,43.2373151029903,252.00054500056257,calentamiento
7.731544607722665,43.23871169250102,252.00054500056257,calentamiento
7.748211274389331,43.24010821904795,252.00054500056257,calentamiento
7.764877941055998,43.24150468263019,252.00054500056257,calentamiento
7.781544607722664,43.24290108324688,252.00054500056257,calentamiento
7.798211274389331,43.24429742089711,252.00054500056257,calentamiento
7.814877941055998,43.245693695580016,252.00054500056257,calentamiento
7.831544607722664,43.24708990729471,252.00054500056257,calentamiento
7.848211274389331,43.2484860560403,252.00054500056257,calentamiento
7.8648779410559975,43.24988214181591,252.00054500056257,calentamiento
7.881544607722664,43.25127816462066,252.00054500056257,calentamiento
7.898211274389332,43.25267412445367,252.00054500056257,calentamiento
7.914877941055998,43.25407002131406,252.00054500056257,calentamiento
7.931544607722665,43.25546585520094,252.00054500056257,calentamiento
7.948211274389331,43.25686162611344,252.00054500056257,calentamiento
7.964877941055998,43.258257334050676,252.00054500056257,calentamiento
7.981544607722665,43.259652979011776,252.00054500056257,calentamiento
7.998211274389331,43.26104856099585,252.00054500056257,calentamiento
8.014877941055998,43.26244408000204,252.00054500056257,calentamiento
8.031544607722665,43.26383953602946,252.00054500056257,calentamiento
8.048211274389331,43.265234929077224,252.00054500056257,calentamiento
8.064877941055999,43.26663025914447,252.00054500056257,calentamiento
8.081544607722664,43.26802552623032,252.00054500056257,calentamiento
8.098211274389332,43.26942073033389,252.00054500056257,calentamiento
8.114877941055997,43.270815871454325,252.00054500056257,calentamiento
8.131544607722665,43.272210949590736,252.00054500056257,calentamiento
8.14821127438933,43.27360596474226,252.00054500056257,calentamiento
8.164877941055998,43.27500091690801,252.00054500056257,calentamiento
8.181544607722664,43.27639580608714,252.00054500056257,calentamiento
8.198211274389331,43.27779063227875,252.00054500056257,calentamiento
8.214877941055997,43.279185395481996,252.00054500056257,calentamiento
8.231544607722665,43.280580095695996,252.00054500056257,calentamiento
8.24821127438933,43.28197473291988,252.00054500056257,calentamiento
8.264877941055998,43.283369307152775,252.00054500056257,calentamiento
8.281544607722665,43.28476381839383,252.00054500056257,calentamiento
8.298211274389331,43.28615826664216,252.00054500056257,calentamiento
8.314877941055999,43.28755265189691,252.00054500056257,calentamiento
8.331544607722664,43.288946974157206,252.00054500056257,calentamiento
8.348211274389332,43.29034123342218,252.00054500056257,calentamiento
8.364877941055997,43.29173542969098,252.00054500056257,calentamiento
8.381544607722665,43.29312956296273,252.00054500056257,calentamiento
8.39821127438933,43.29452363323657,252.00054500056257,calentamiento
8.414877941055998,43.29591764051164,252.00054500056257,calentamiento
8.431544607722664,43.29731158478707,252.00054500056257,calentamiento
8.448211274389331,43.298705466061996,252.00054500056257,calentamiento
8.464877941055997,43.300099284335566,252.00054500056257,calentamiento
8.481544607722665,43.30149303960692,252.00054500056257,calentamiento
8.49821127438933,43.302886731875184,252.00054500056257,calentamiento
8.514877941055998,43.304280361139504,252.00054500056257,calentamiento
8.531544607722665,43.30567392739903,252.00054500056257,calentamiento
8.548211274389331,43.30706743065289,252.00054500056257,calentamiento
8.564877941055999,43.308460870900234,252.00054500056257,calentamiento
8.581544607722664,43.309854248140205,252.00054500056257,calentamiento
8.598211274389332,43.31124756237194,252.00054500056257,calentamiento
8.614877941055997,43.312640813594584,252.00054500056257,calentamiento
8.631544607722665,43.314034001807286,252.00054500056257,calentamiento
8.64821127438933,43.31542712700919,252.00054500056257,calentamiento
8.664877941055998,43.31682018919943,252.00054500056257,calentamiento
8.681544607722664,43.318213188377165,252.00054500056257,calentamiento
8.698211274389331,43.31960612454154,252.00054500056257,calentamiento
8.714877941055997,43.32099899769169,252.00054500056257,calentamiento
8.731544607722665,43.322391807826776,252.00054500056257,calentamiento
8.74821127438933,43.32378455494594,252.00054500056257,calentamiento
8.764877941055998,43.32517723904833,252.00054500056257,calentamiento
8.781544607722665,43.3265698601331,252.00054500056257,calentamiento
8.798211274389331,43.32796241819939,252.00054500056257,calentamiento
8.814877941055999,43.32935491324636,252.00054500056257,calentamiento
8.831544607722664,43.33074734527316,252.00054500056257,calentamiento
8.848211274389332,43.33213971427894,252.00054500056257,calentamiento
8.864877941055997,43.33353202026285,252.00054500056257,calentamiento
8.881544607722665,43.334924263224046,252.00054500056257,calentamiento
8.89821127438933,43.33631644316168,252.00054500056257,calentamiento
8.914877941055998,43.3377085600749,252.00054500056257,calentamiento
8.931544607722664,43.33910061396287,252.00054500056257,calentamiento
8.948211274389331,43.34049260482474,252.00054500056257,calentamiento
8.964877941055997,43.34188453265967,252.00054500056257,calentamiento
8.981544607722665,43.34327639746681,252.00054500056257,calentamiento
8.99821127438933,43.34466819924532,252.00054500056257,calentamiento
9.014877941055998,43.346059937994355,252.00054500056257,calentamiento
9.031544607722665,43.347451613713076,252.00054500056257,calentamiento
9.048211274389331,43.34884322640064,252.00054500056257,calentamiento
9.064877941055999,43.350234776056205,252.00054500056257,calentamiento
9.081544607722664,43.35162626267893,252.00054500056257,calentamiento
9.098211274389332,43.35301768626797,252.00054500056257,calentamiento
9.114877941055997,43.3544090468225,252.00054500056257,calentamiento
9.131544607722665,43.35580034434167,252.00054500056257,calentamiento
9.14821127438933,43.35719157882464,252.00054500056257,calentamiento
9.164877941055998,43.35858275027058,252.00054500056257,calentamiento
9.181544607722664,43.35997385867865,252.00054500056257,calentamiento
9.198211274389331,43.36136490404801,252.00054500056257,calentamiento
9.214877941055997,43.36275588637783,252.00054500056257,calentamiento
9.231544607722665,43.364146805667275,252.00054500056257,calentamiento
9.24821127438933,43.3655376619155,252.00054500056257,calentamiento
9.264877941055998,43.36692845512169,252.00054500056257,calentamiento
9.281544607722665,43.36831918528499,252.00054500056257,calentamiento
9.298211274389331,43.369709852404576,252.00054500056257,calentamiento
9.314877941055999,43.37110045647962,252.00054500056257,calentamiento
9.331544607722664,43.37249099750928,252.00054500056257,calentamiento
9.348211274389332,43.37388147549274,252.00054500056257,calentamiento
9.364877941055997,43.375271890429154,252.00054500056257,calentamiento
9.381544607722665,43.3766622423177,252.00054500056257,calentamiento
9.39821127438933,43.37805253115754,252.00054500056257,calentamiento
9.414877941055998,43.37944275694786,252.00054500056257,calentamiento
9.431544607722664,43.38083291968782,252.00054500056257,calentamiento
9.448211274389331,43.38222301937659,252.00054500056257,calentamiento
9.464877941055997,43.38361305601335,252.00054500056257,calentamiento
9.481544607722665,43.38500302959727,252.00054500056257,calentamiento
9.49821127438933,43.38639294012753,252.00054500056257,calentamiento
9.514877941055998,43.38778278760329,252.00054500056257,calentamiento
9.531544607722665,43.38917257202374,252.00054500056257,calentamiento
9.548211274389331,43.390562293388044,252.00054500056257,calentamiento
9.564877941055999,43.39195195169538,252.00054500056257,calentamiento
9.581544607722664,43.39334154694494,252.00054500056257,calentamiento
9.598211274389332,43.39473107913588,252.00054500056257,calentamiento
9.6,43.39488020489785,252.00054500056257,calentamiento
9.6,43.39488020489785,252.00054500056257,descarga
9.600089418199099,43.39493735918766,252.00054500056257,descarga
9.600983600190093,43.39550888777659,252.00054500056257,descarga
9.60992542010002,43.401222742993156,252.00054500056257,descarga
9.626592086766687,43.41186586355942,252.00054500056257,descarga
9.643258753433352,43.422499957527236,252.00054500056257,descarga
9.65992542010002,43.43312503243634,252.00054500056257,descarga
9.676592086766686,43.44374109582034,252.00054500056257,descarga
9.693258753433353,43.45434815520678,252.00054500056257,descarga
9.709925420100019,43.46494621811709,252.00054500056257,descarga
9.726592086766686,43.475535292066624,252.00054500056257,descarga
9.743258753433354,43.48611538456465,252.00054500056257,descarga
9.75992542010002,43.49668650311436,252.00054500056257,descarga
9.776592086766687,43.50724865521288,252.00054500056257,descarga
9.793258753433353,43.51780184835125,252.00054500056257,descarga
9.80992542010002,43.528346090014466,252.00054500056257,descarga
9.826592086766686,43.53888138768146,252.00054500056257,descarga
9.843258753433354,43.5494077488251,252.00054500056257,descarga
9.85992542010002,43.55992518091222,252.00054500056257,descarga
9.876592086766687,43.57043369140359,252.00054500056257,descarga
9.893258753433352,43.58093328775397,252.00054500056257,descarga
9.90992542010002,43.59142397741205,252.00054500056257,descarga
9.926592086766686,43.601905767820504,252.00054500056257,descarga
9.943258753433353,43.612378666415985,252.00054500056257,descarga
9.959925420100019,43.62284268062912,252.00054500056257,descarga
9.976592086766686,43.63329781788451,252.00054500056257,descarga
9.993258753433354,43.64374408560076,252.00054500056257,descarga
10.00992542010002,43.65418149119045,252.00054500056257,descarga
10.026592086766687,43.66461004206017,252.00054500056257,descarga
10.043258753433353,43.6750297456105,252.00054500056257,descarga
10.05992542010002,43.68544060923604,252.00054500056257,descarga
10.076592086766686,43.69584264032538,252.00054500056257,descarga
10.093258753433354,43.706235846261144,252.00054500056257,descarga
10.10992542010002,43.716620234419956,252.00054500056257,descarga
10.126592086766687,43.72699581217248,252.00054500056257,descarga
10.143258753433352,43.737362586883414,252.00054500056257,descarga
10.15992542010002,43.747720565911465,252.00054500056257,descarga
10.176592086766686,43.75806975660939,252.00054500056257,descarga
10.193258753433353,43.76841016632399,252.00054500056257,descarga
10.209925420100019,43.77874180239611,252.00054500056257,descarga
10.226592086766686,43.78906467216066,252.00054500056257,descarga
10.243258753433354,43.79937878294658,252.00054500056257,descarga
10.25992542010002,43.80968414207689,252.00054500056257,descarga
10.276592086766687,43.81998075686866,252.00054500056257,descarga
10.293258753433353,43.83026863463304,252.00054500056257,descarga
10.30992542010002,43.84054778267526,252.00054500056257,descarga
10.326592086766686,43.850818208294605,252.00054500056257,descarga
10.343258753433354,43.86107991878446,252.00054500056257,descarga
10.35992542010002,43.871332921432305,252.00054500056257,descarga
10.376592086766687,43.88157722351969,252.00054500056257,descarga
10.393258753433352,43.89181283232228,252.00054500056257,descarga
10.40992542010002,43.902039755109826,252.00054500056257,descarga
10.426592086766686,43.91225799914619,252.00054500056257,descarga
10.443258753433353,43.92246757168935,252.00054500056257,descarga
10.459925420100019,43.9326684799914,252.00054500056257,descarga
10.476592086766686,43.94286073129854,252.00054500056257,descarga
10.493258753433354,43.95304433285109,252.00054500056257,descarga
10.50992542010002,43.963219291883526,252.00054500056257,descarga
10.526592086766687,43.97338561562443,252.00054500056257,descarga
10.543258753433353,43.98354331129653,252.00054500056257,descarga
10.55992542010002,43.99369238611669,252.00054500056257,descarga
10.576592086766686,44.00383284729593,252.00054500056257,descarga
10.593258753433354,44.01396470203942,252.00054500056257,descarga
10.60992542010002,44.024087957546456,252.00054500056257,descarga
10.626592086766687,44.034202621010536,252.00054500056257,descarga
10.643258753433352,44.04430869961929,252.00054500056257,descarga
10.65992542010002,44.05440620055454,252.00054500056257,descarga
10.676592086766686,44.064495130992256,252.00054500056257,descarga
10.693258753433353,44.0745754981026,252.00054500056257,descarga
10.709925420100019,44.084647309049906,252.00054500056257,descarga
10.726592086766686,44.09471057099271,252.00054500056257,descarga
10.743258753433354,44.10476529108373,252.00054500056257,descarga
10.75992542010002,44.11481147646987,252.00054500056257,descarga
10.776592086766687,44.12484913429224,252.00054500056257,descarga
10.793258753433353,44.13487827168616,252.00054500056257,descarga
10.80992542010002,44.14489889578115,252.00054500056257,descarga
10.826592086766686,44.15491101370094,252.00054500056257,descarga
10.843258753433354,44.16491463256348,252.00054500056257,descarga
10.85992542010002,44.17490975948095,252.00054500056257,descarga
10.876592086766687,44.18489640155974,252.00054500056257,descarga
10.893258753433352,44.194874565900484,252.00054500056257,descarga
10.90992542010002,44.20484425959805,252.00054500056257,descarga
10.926592086766686,44.21480548974152,252.00054500056257,descarga
10.943258753433353,44.22475826341426,252.00054500056257,descarga
10.959925420100019,44.23470258769385,252.00054500056257,descarga
10.976592086766686,44.244638469652145,252.00054500056257,descarga
10.993258753433354,44.25456591635524,252.00054500056257,descarga
11.00992542010002,44.264484934863496,252.00054500056257,descarga
11.026592086766687,44.274395532231544,252.00054500056257,descarga
11.043258753433353,44.28429771550828,252.00054500056257,descarga
11.05992542010002,44.294191491736875,252.00054500056257,descarga
11.076592086766686,44.30407686795478,252.00054500056257,descarga
11.093258753433354,44.31395385119372,252.00054500056257,descarga
11.10992542010002,44.32382244847973,252.00054500056257,descarga
11.126592086766687,44.33368266683311,252.00054500056257,descarga
11.143258753433352,44.34353451326848,252.00054500056257,descarga
11.15992542010002,44.353377994794734,252.00054500056257,descarga
11.176592086766686,44.36321311841509,252.00054500056257,descarga
11.193258753433353,44.37303989112707,252.00054500056257,descarga
11.209925420100019,44.38285831992251,252.00054500056257,descarga
11.226592086766686,44.39266841178756,252.00054500056257,descarga
11.243258753433354,44.4024701737027,252.00054500056257,descarga
11.25992542010002,44.41226361264273,252.00054500056257,descarga
11.276592086766687,44.42204873557678,252.00054500056257,descarga
11.293258753433353,44.431825549468314,252.00054500056257,descarga
11.30992542010002,44.44159406127515,252.00054500056257,descarga
11.326592086766686,44.45135427794942,252.00054500056257,descarga
11.343258753433354,44.46110620643764,252.00054500056257,descarga
11.35992542010002,44.470849853680654,252.00054500056257,descarga
11.376592086766687,44.48058522661367,252.00054500056257,descarga
11.393258753433352,44.49031233216626,252.00054500056257,descarga
11.40992542010002,44.50003117726236,252.00054500056257,descarga
11.426592086766686,44.50974176882026,252.00054500056257,descarga
11.443258753433353,44.51944411375266,252.00054500056257,descarga
11.459925420100019,44.52913821896661,252.00054500056257,descarga
11.476592086766686,44.53882409136354,252.00054500056257,descarga
11.493258753433354,44.54850173783928,252.00054500056257,descarga
11.50992542010002,44.55817116528405,252.00054500056257,descarga
11.526592086766687,44.567832380582466,252.00054500056257,descarga
11.543258753433353,44.57748539061354,252.00054500056257,descarga
11.55992542010002,44.587130202250684,252.00054500056257,descarga
11.576592086766686,44.59676682236173,252.00054500056257,descarga
11.593258753433354,44.60639525780891,252.00054500056257,descarga
11.6,44.61028739406403,252.00054500056257,descarga
11.6,44.61028739406403,252.00054500056257,calentamiento
11.600136256823912,44.610298291306655,252.00054500056257,calentamiento
11.601498825063036,44.61040726349919,252.00054500056257,calentamiento
11.615124507454281,44.61149696205567,252.00054500056257,calentamiento
11.631791174120947,44.612829802122874,252.00054500056257,calentamiento
11.648457840787614,44.6141625786189,252.00054500056257,calentamiento
11.665124507454282,44.615495291543425,252.00054500056257,calentamiento
11.681791174120947,44.616827940896115,252.00054500056257,calentamiento
11.698457840787615,44.61816052667665,252.00054500056257,calentamiento
11.71512450745428,44.61949304888469,252.00054500056257,calentamiento
11.731791174120948,44.620825507519925,252.00054500056257,calentamiento
11.748457840787614,44.622157902582025,252.00054500056257,calentamiento
11.765124507454281,44.623490234070665,252.00054500056257,calentamiento
11.781791174120947,44.62482250198553,252.00054500056257,calentamiento
11.798457840787615,44.62615470632629,252.00054500056257,calentamiento
11.81512450745428,44.62748684709263,252.00054500056257,calentamiento
11.831791174120948,44.62881892428421,252.00054500056257,calentamiento
11.848457840787614,44.63015093790073,252.00054500056257,calentamiento
11.865124507454281,44.63148288794186,252.00054500056257,calentamiento
11.881791174120947,44.63281477440728,252.00054500056257,calentamiento
11.898457840787614,44.63414659729667,252.00054500056257,calentamiento
11.915124507454282,44.63547835660972,252.00054500056257,calentamiento
11.931791174120947,44.6368100523461,252.00054500056257,calentamiento
11.948457840787615,44.6381416845055,252.00054500056257,calentamiento
11.96512450745428,44.639473253087594,252.00054500056257,calentamiento
11.981791174120948,44.640804758092074,252.00054500056257,calentamiento
11.998457840787614,44.642136199518625,252.00054500056257,calentamiento
12.015124507454281,44.64346757736692,252.00054500056257,calentamiento
12.031791174120947,44.644798891636654,252.00054500056257,calentamiento
12.048457840787615,44.64613014232751,252.00054500056257,calentamiento
12.06512450745428,44.64746132943917,252.00054500056257,calentamiento
12.081791174120948,44.64879245297132,252.00054500056257,calentamiento
12.098457840787614,44.650123512923656,252.00054500056257,calentamiento
12.115124507454281,44.65145450929586,252.00054500056257,calentamiento
12.131791174120947,44.65278544208762,252.00054500056257,calentamiento
12.148457840787614,44.65411631129862,252.00054500056257,calentamiento
12.165124507454282,44.65544711692856,252.00054500056257,calentamiento
12.181791174120947,44.65677785897712,252.00054500056257,calentamiento
12.198457840787615,44.658108537444,252.00054500056257,calentamiento
12.21512450745428,44.65943915232888,252.00054500056257,calentamiento
12.231791174120948,44.66076970363145,252.00054500056257,calentamiento
12.248457840787614,44.66210019135141,252.00054500056257,calentamiento
12.265124507454281,44.66343061548845,252.00054500056257,calentamiento
12.281791174120947,44.66476097604227,252.00054500056257,calentamiento
12.298457840787615,44.66609127301255,252.00054500056257,calentamiento
12.31512450745428,44.66742150639899,252.00054500056257,calentamiento
12.331791174120948,44.66875167620128,252.00054500056257,calentamiento
12.348457840787614,44.670081782419125,252.00054500056257,calentamiento
12.365124507454281,44.67141182505221,252.00054500056257,calentamiento
12.381791174120947,44.672741804100234,252.00054500056257,calentamiento
12.398457840787614,44.674071719562896,252.00054500056257,calentamiento
12.415124507454282,44.67540157143989,252.00054500056257,calentamiento
12.431791174120947,44.67673135973092,252.00054500056257,calentamiento
12.448457840787615,44.67806108443568,252.00054500056257,calentamiento
12.46512450745428,44.67939074555387,252.00054500056257,calentamiento
12.481791174120948,44.680720343085184,252.00054500056257,calentamiento
12.498457840787614,44.68204987702933,252.00054500056257,calentamiento
12.515124507454281,44.683379347385994,252.00054500056257,calentamiento
12.531791174120947,44.68470875415489,252.00054500056257,calentamiento
12.548457840787615,44.68603809733572,252.00054500056257,calentamiento
12.56512450745428,44.68736737692818,252.00054500056257,calentamiento
12.581791174120948,44.688696592931976,252.00054500056257,calentamiento
12.598457840787614,44.69002574534681,252.00054500056257,calentamiento
12.615124507454281,44.69135483417238,252.00054500056257,calentamiento
12.631791174120947,44.6926838594084,252.00054500056257,calentamiento
12.648457840787614,44.694012821054564,252.00054500056257,calentamiento
12.665124507454282,44.69534171911058,252.00054500056257,calentamiento
12.681791174120947,44.696670553576155,252.00054500056257,calentamiento
12.698457840787615,44.697999324451,252.00054500056257,calentamiento
12.71512450745428,44.699328031734815,252.00054500056257,calentamiento
12.731791174120948,44.70065667542731,252.00054500056257,calentamiento
12.748457840787614,44.70198525552819,252.00054500056257,calentamiento
12.765124507454281,44.70331377203717,252.00054500056257,calentamiento
12.781791174120947,44.70464222495395,252.00054500056257,calentamiento
12.798457840787615,44.70597061427825,252.00054500056257,calentamiento
12.81512450745428,44.70729894000977,252.00054500056257,calentamiento
12.831791174120948,44.70862720214822,252.00054500056257,calentamiento
12.848457840787614,44.70995540069332,252.00054500056257,calentamiento
12.865124507454281,44.711283535644775,252.00054500056257,calentamiento
12.881791174120947,44.712611607002295,252.00054500056257,calentamiento
12.898457840787614,44.7139396147656,252.00054500056257,calentamiento
12.915124507454282,44.7152675589344,252.00054500056257,calentamiento
12.931791174120947,44.7165954395084,252.00054500056257,calentamiento
12.948457840787615,44.71792325648733,252.00054500056257,calentamiento
12.96512450745428,44.719251009870895,252.00054500056257,calentamiento
12.981791174120948,44.72057869965881,252.00054500056257,calentamiento
12.998457840787614,44.72190632585079,252.00054500056257,calentamiento
13.015124507454281,44.72323388844655,252.00054500056257,calentamiento
13.031791174120947,44.72456138744582,252.00054500056257,calentamiento
13.048457840787615,44.7258888228483,252.00054500056257,calentamiento
13.06512450745428,44.727216194653714,252.00054500056257,calentamiento
13.081791174120948,44.72854350286178,252.00054500056257,calentamiento
13.098457840787614,44.729870747472226,252.00054500056257,calentamiento
13.115124507454281,44.73119792848476,252.00054500056257,calentamiento
13.131791174120947,44.7325250458991,252.00054500056257,calentamiento
13.148457840787614,44.73385209971498,252.00054500056257,calentamiento
13.165124507454282,44.73517908993211,252.00054500056257,calentamiento
13.181791174120947,44.736506016550216,252.00054500056257,calentamiento
13.198457840787615,44.73783287956901,252.00054500056257,calentamiento
13.21512450745428,44.73915967898823,252.00054500056257,calentamiento
13.231791174120948,44.74048641480759,252.00054500056257,calentamiento
13.248457840787614,44.74181308702682,252.00054500056257,calentamiento
13.265124507454281,44.74313969564564,252.00054500056257,calentamiento
13.281791174120947,44.74446624066377,252.00054500056257,calentamiento
13.298457840787615,44.74579272208094,252.00054500056257,calentamiento
13.31512450745428,44.74711913989688,252.00054500056257,calentamiento
13.331791174120948,44.74844549411131,252.00054500056257,calentamiento
13.348457840787614,44.749771784723954,252.00054500056257,calentamiento
13.365124507454281,44.75109801173455,252.00054500056257,calentamiento
13.381791174120947,44.752424175142814,252.00054500056257,calentamiento
13.398457840787614,44.75375027494848,252.00054500056257,calentamiento
13.415124507454282,44.75507631115128,252.00054500056257,calentamiento
13.431791174120947,44.75640228375094,252.00054500056257,calentamiento
13.448457840787615,44.75772819274719,252.00054500056257,calentamiento
13.46512450745428,44.75905403813976,252.00054500056257,calentamiento
13.481791174120948,44.76037981992838,252.00054500056257,calentamiento
13.498457840787614,44.76170553811279,252.00054500056257,calentamiento
13.515124507454281,44.763031192692715,252.00054500056257,calentamiento
13.531791174120947,44.764356783667886,252.00054500056257,calentamiento
13.548457840787615,44.76568231103804,252.00054500056257,calentamiento
13.56512450745428,44.76700777480291,252.00054500056257,calentamiento
13.581791174120948,44.76833317496223,252.00054500056257,calentamiento
13.598457840787614,44.769658511515736,252.00054500056257,calentamiento
13.615124507454281,44.77098378446316,252.00054500056257,calentamiento
13.631791174120947,44.77230899380424,252.00054500056257,calentamiento
13.648457840787614,44.77363413953871,252.00054500056257,calentamiento
13.665124507454282,44.77495922166631,252.00054500056257,calentamiento
13.681791174120947,44.776284240186776,252.00054500056257,calentamiento
13.698457840787615,44.77760919509984,252.00054500056257,calentamiento
13.71512450745428,44.77893408640526,252.00054500056257,calentamiento
13.731791174120948,44.78025891410275,252.00054500056257,calentamiento
13.748457840787614,44.781583678192064,252.00054500056257,calentamiento
13.765124507454281,44.78290837867294,252.00054500056257,calentamiento
13.781791174120947,44.78423301554512,252.00054500056257,calentamiento
13.798457840787615,44.78555758880834,252.00054500056257,calentamiento
13.81512450745428,44.78688209846234,252.00054500056257,calentamiento
13.831791174120948,44.78820654450687,252.00054500056257,calentamiento
13.848457840787614,44.78953092694167,252.00054500056257,calentamiento
13.865124507454281,44.79085524576649,252.00054500056257,calentamiento
13.881791174120947,44.79217950098106,252.00054500056257,calentamiento
13.898457840787614,44.793503692585126,252.00054500056257,calentamiento
13.915124507454282,44.79482782057844,252.00054500056257,calentamiento
13.931791174120947,44.79615188496074,252.00054500056257,calentamiento
13.948457840787615,44.797475885731785,252.00054500056257,calentamiento
13.96512450745428,44.79879982289131,252.00054500056257,calentamiento
13.981791174120948,44.800123696439066,252.00054500056257,calentamiento
13.998457840787614,44.8014475063748,252.00054500056257,calentamiento
14.015124507454281,44.80277125269826,252.00054500056257,calentamiento
14.031791174120947,44.80409493540919,252.00054500056257,calentamiento
14.048457840787615,44.80541855450734,252.00054500056257,calentamiento
14.06512450745428,44.80674210999246,252.00054500056257,calentamiento
14.081791174120948,44.80806560186431,252.00054500056257,calentamiento
14.098457840787614,44.809389030122624,252.00054500056257,calentamiento
14.115124507454281,44.810712394767165,252.00054500056257,calentamiento
14.131791174120947,44.81203569579768,252.00054500056257,calentamiento
14.148457840787614,44.81335893321393,252.00054500056257,calentamiento
14.165124507454282,44.814682107015656,252.00054500056257,calentamiento
14.181791174120947,44.816005217202616,252.00054500056257,calentamiento
14.198457840787615,44.81732826377456,252.00054500056257,calentamiento
14.21512450745428,44.81865124673125,252.00054500056257,calentamiento
14.231791174120948,44.819974166072434,252.00054500056257,calentamiento
14.248457840787614,44.821297021797875,252.00054500056257,calentamiento
14.265124507454281,44.82261981390732,252.00054500056257,calentamiento
14.281791174120947,44.82394254240053,252.00054500056257,calentamiento
14.298457840787615,44.82526520727726,252.00054500056257,calentamiento
14.31512450745428,44.82658780853727,252.00054500056257,calentamiento
14.331791174120948,44.82791034618032,252.00054500056257,calentamiento
14.348457840787614,44.82923282020616,252.00054500056257,calentamiento
14.365124507454281,44.83055523061456,252.00054500056257,calentamiento
14.381791174120947,44.831877577405265,252.00054500056257,calentamiento
14.398457840787614,44.83319986057805,252.00054500056257,calentamiento
14.399999999999999,44.83332220763301,252.00054500056257,calentamiento
14.399999999999999,44.83332220763301,252.00054500056257,descarga
14.400092222464533,44.83337439527639,252.00054500056257,descarga
14.401014447109876,44.83389625821137,252.00054500056257,descarga
14.410236693563322,44.839113537911516,252.00054500056257,descarga
14.426903360229987,44.84853610998447,252.00054500056257,descarga
14.443570026896655,44.85795067676563,252.00054500056257,descarga
14.46023669356332,44.867357244965625,252.00054500056257,descarga
14.476903360229988,44.87675582128961,252.00054500056257,descarga
14.493570026896654,44.8861464124373,252.00054500056257,descarga
14.510236693563321,44.89552902510292,252.00054500056257,descarga
14.526903360229987,44.90490366597526,252.00054500056257,descarga
14.543570026896655,44.91427034173768,252.00054500056257,descarga
14.56023669356332,44.92362905906805,252.00054500056257,descarga
14.576903360229988,44.93297982463883,252.00054500056257,descarga
14.593570026896654,44.94232264511703,252.00054500056257,descarga
14.610236693563321,44.95165752716424,252.00054500056257,descarga
14.626903360229988,44.9609844774366,252.00054500056257,descarga
14.643570026896654,44.97030350258484,252.00054500056257,descarga
14.660236693563322,44.97961460925428,252.00054500056257,descarga
14.676903360229987,44.98891780408479,252.00054500056257,descarga
14.693570026896655,44.998213093710866,252.00054500056257,descarga
14.71023669356332,45.00750048476157,252.00054500056257,descarga
14.726903360229988,45.01677998386057,252.00054500056257,descarga
14.743570026896654,45.026051597626136,252.00054500056257,descarga
14.760236693563321,45.03531533267113,252.00054500056257,descarga
14.776903360229987,45.04457119560304,252.00054500056257,descarga
14.793570026896655,45.053819193023955,252.00054500056257,descarga
14.81023669356332,45.06305933153058,252.00054500056257,descarga
14.826903360229988,45.07229161771425,252.00054500056257,descarga
14.843570026896654,45.08151605816092,252.00054500056257,descarga
14.860236693563321,45.09073265945118,252.00054500056257,descarga
14.876903360229988,45.09994142816023,252.00054500056257,descarga
14.893570026896654,45.10914237085794,252.00054500056257,descarga
14.910236693563322,45.1183354941088,252.00054500056257,descarga
14.926903360229987,45.127520804471956,252.00054500056257,descarga
14.943570026896655,45.1366983085012,252.00054500056257,descarga
14.96023669356332,45.14586801274498,252.00054500056257,descarga
14.976903360229988,45.15502992374639,252.00054500056257,descarga
14.993570026896654,45.16418404804321,252.00054500056257,descarga
15.010236693563321,45.17333039216787,252.00054500056257,descarga
15.026903360229987,45.18246896264747,252.00054500056257,descarga
15.043570026896655,45.19159976600379,252.00054500056257,descarga
15.06023669356332,45.20072280875329,252.00054500056257,descarga
15.076903360229988,45.20983809740711,252.00054500056257,descarga
15.093570026896654,45.21894563847107,252.00054500056257,descarga
15.110236693563321,45.2280454384457,252.00054500056257,descarga
15.126903360229988,45.2371375038262,252.00054500056257,descarga
15.143570026896654,45.24622184110248,252.00054500056257,descarga
15.160236693563322,45.25529845675917,252.00054500056257,descarga
15.176903360229987,45.26436735727558,252.00054500056257,descarga
15.193570026896655,45.27342854912575,252.00054500056257,descarga
15.21023669356332,45.28248203877842,252.00054500056257,descarga
15.226903360229988,45.291527832697064,252.00054500056257,descarga
15.243570026896654,45.300565937339876,252.00054500056257,descarga
15.260236693563321,45.30959635915977,252.00054500056257,descarga
15.276903360229987,45.3186191046044,252.00054500056257,descarga
15.293570026896655,45.327634180116156,252.00054500056257,descarga
15.31023669356332,45.33664159213217,252.00054500056257,descarga
15.326903360229988,45.3456413470843,252.00054500056257,descarga
15.343570026896654,45.35463345139918,252.00054500056257,descarga
15.360236693563321,45.36361791149817,252.00054500056257,descarga
15.376903360229988,45.37259473379739,252.00054500056257,descarga
15.393570026896654,45.38156392470775,252.00054500056257,descarga
15.410236693563322,45.39052549063488,252.00054500056257,descarga
15.426903360229987,45.39947943797921,252.00054500056257,descarga
15.443570026896655,45.40842577313593,252.00054500056257,descarga
15.46023669356332,45.41736450249501,252.00054500056257,descarga
15.476903360229988,45.426295632441196,252.00054500056257,descarga
15.493570026896654,45.43521916935402,252.00054500056257,descarga
15.510236693563321,45.4441351196078,252.00054500056257,descarga
15.526903360229987,45.453043489571655,252.00054500056257,descarga
15.543570026896655,45.46194428560949,252.00054500056257,descarga
15.56023669356332,45.47083751408002,252.00054500056257,descarga
15.576903360229988,45.47972318133675,252.00054500056257,descarga
15.593570026896654,45.48860129372802,252.00054500056257,descarga
15.610236693563321,45.49747185759695,252.00054500056257,descarga
15.626903360229988,45.506334879281496,252.00054500056257,descarga
15.643570026896654,45.51519036511443,252.00054500056257,descarga
15.660236693563322,45.52403832142335,252.00054500056257,descarga
15.676903360229987,45.53287875453068,252.00054500056257,descarga
15.693570026896655,45.54171167075368,252.00054500056257,descarga
15.71023669356332,45.55053707640444,252.00054500056257,descarga
15.726903360229988,45.559354977789894,252.00054500056257,descarga
15.743570026896654,45.56816538121182,252.00054500056257,descarga
15.760236693563321,45.576968292966846,252.00054500056257,descarga
15.776903360229987,45.58576371934645,252.00054500056257,descarga
15.793570026896655,45.59455166663698,252.00054500056257,descarga
15.81023669356332,45.60333214111962,252.00054500056257,descarga
15.826903360229988,45.61210514907044,252.00054500056257,descarga
15.843570026896654,45.62087069676035,252.00054500056257,descarga
15.860236693563321,45.629628790455165,252.00054500056257,descarga
15.876903360229988,45.63837943641556,252.00054500056257,descarga
15.893570026896654,45.647122640897095,252.00054500056257,descarga
15.910236693563322,45.6558584101502,252.00054500056257,descarga
15.926903360229987,45.66458675042022,252.00054500056257,descarga
15.943570026896655,45.67330766794736,252.00054500056257,descarga
15.96023669356332,45.68202116896675,252.00054500056257,descarga
15.976903360229988,45.6907272597084,252.00054500056257,descarga
15.993570026896654,45.69942594639724,252.00054500056257,descarga
16.01023669356332,45.70811723525309,252.00054500056257,descarga
16.026903360229987,45.716801132490694,252.00054500056257,descarga
16.043570026896653,45.7254776443197,252.00054500056257,descarga
16.060236693563322,45.7341467769447,252.00054500056257,descarga
16.076903360229988,45.74280853656518,252.00054500056257,descarga
16.093570026896654,45.75146292937557,252.00054500056257,descarga
16.11023669356332,45.760109961565234,252.00054500056257,descarga
16.12690336022999,45.76874963931846,252.00054500056257,descarga
16.143570026896654,45.77738196881448,252.00054500056257,descarga
16.16023669356332,45.786006956227475,252.00054500056257,descarga
16.17690336022999,45.79462460772656,252.00054500056257,descarga
16.193570026896655,45.80323492947582,252.00054500056257,descarga
16.21023669356332,45.81183792763428,252.00054500056257,descarga
16.226903360229986,45.82043360835592,252.00054500056257,descarga
16.243570026896656,45.8290219777897,252.00054500056257,descarga
16.26023669356332,45.837603042079536,252.00054500056257,descarga
16.276903360229987,45.84617680736431,252.00054500056257,descarga
16.293570026896653,45.854743279777885,252.00054500056257,descarga
16.310236693563322,45.8633024654491,252.00054500056257,descarga
16.326903360229988,45.87185437050179,252.00054500056257,descarga
16.343570026896654,45.88039900105475,252.00054500056257,descarga
16.36023669356332,45.88893636322178,252.00054500056257,descarga
16.37690336022999,45.89746646311168,252.00054500056257,descarga
16.393570026896654,45.905989306828225,252.00054500056257,descarga
16.4,45.90927546776078,252.00054500056257,descarga
16.4,45.90927546776078,252.00054500056257,calentamiento
16.400138386529633,45.90928600773452,252.00054500056257,calentamiento
16.40152225182597,45.90939140723062,252.00054500056257,calentamiento
16.415360904789356,45.91044537806037,252.00054500056257,calentamiento
16.43202757145602,45.911714676060356,252.00054500056257,calentamiento
16.44869423812269,45.91298391042103,252.00054500056257,calentamiento
16.465360904789357,45.91425308114259,252.00054500056257,calentamiento
16.482027571456022,45.915522188225204,252.00054500056257,calentamiento
16.49869423812269,45.916791231669066,252.00054500056257,calentamiento
16.515360904789357,45.918060211474355,252.00054500056257,calentamiento
16.532027571456023,45.91932912764126,252.00054500056257,calentamiento
16.54869423812269,45.920597980169966,252.00054500056257,calentamiento
16.565360904789358,45.92186676906066,252.00054500056257,calentamiento
16.582027571456024,45.92313549431352,252.00054500056257,calentamiento
16.59869423812269,45.92440415592874,252.00054500056257,calentamiento
16.615360904789355,45.92567275390651,252.00054500056257,calentamiento
16.632027571456025,45.926941288247015,252.00054500056257,calentamiento
16.64869423812269,45.92820975895044,252.00054500056257,calentamiento
16.665360904789356,45.92947816601698,252.00054500056257,calentamiento
16.68202757145602,45.93074650944681,252.00054500056257,calentamiento
16.69869423812269,45.93201478924014,252.00054500056257,calentamiento
16.715360904789357,45.93328300539715,252.00054500056257,calentamiento
16.732027571456022,45.93455115791803,252.00054500056257,calentamiento
16.74869423812269,45.93581924680297,252.00054500056257,calentamiento
16.765360904789357,45.93708727205217,252.00054500056257,calentamiento
16.782027571456023,45.93835523366581,252.00054500056257,calentamiento
16.79869423812269,45.93962313164409,252.00054500056257,calentamiento
16.815360904789358,45.9408909659872,252.00054500056257,calentamiento
16.832027571456024,45.94215873669533,252.00054500056257,calentamiento
16.84869423812269,45.943426443768686,252.00054500056257,calentamiento
16.865360904789355,45.94469408720745,252.00054500056257,calentamiento
16.882027571456025,45.94596166701183,252.00054500056257,calentamiento
16.89869423812269,45.94722918318201,252.00054500056257,calentamiento
16.915360904789356,45.94849663571819,252.00054500056257,calentamiento
16.93202757145602,45.94976402462057,252.00054500056257,calentamiento
16.94869423812269,45.95103134988934,252.00054500056257,calentamiento
16.965360904789357,45.952298611524704,252.00054500056257,calentamiento
16.982027571456022,45.95356580952686,252.00054500056257,calentamiento
16.99869423812269,45.954832943896,252.00054500056257,calentamiento
17.015360904789357,45.95610001463233,252.00054500056257,calentamiento
17.032027571456023,45.95736702173604,252.00054500056257,calentamiento
17.04869423812269,45.95863396520734,252.00054500056257,calentamiento
17.065360904789358,45.95990084504643,252.00054500056257,calentamiento
17.082027571456024,45.961167661253505,252.00054500056257,calentamiento
17.09869423812269,45.96243441382877,252.00054500056257,calentamiento
17.115360904789355,45.96370110277242,252.00054500056257,calentamiento
17.132027571456025,45.964967728084666,252.00054500056257,calentamiento
17.14869423812269,45.96623428976571,252.00054500056257,calentamiento
17.165360904789356,45.96750078781575,252.00054500056257,calentamiento
17.18202757145602,45.968767222234995,252.00054500056257,calentamiento
17.19869423812269,45.97003359302364,252.00054500056257,calentamiento
17.215360904789357,45.971299900181904,252.00054500056257,calentamiento
17.232027571456022,45.97256614370998,252.00054500056257,calentamiento
17.24869423812269,45.973832323608086,252.00054500056257,calentamiento
17.265360904789357,45.97509843987642,252.00054500056257,calentamiento
17.282027571456023,45.97636449251519,252.00054500056257,calentamiento
17.29869423812269,45.9776304815246,252.00054500056257,calentamiento
17.315360904789358,45.97889640690486,252.00054500056257,calentamiento
17.332027571456024,45.98016226865618,252.00054500056257,calentamiento
17.34869423812269,45.98142806677877,252.00054500056257,calentamiento
17.365360904789355,45.98269380127283,252.00054500056257,calentamiento
17.382027571456025,45.98395947213858,252.00054500056257,calentamiento
17.39869423812269,45.98522507937622,252.00054500056257,calentamiento
17.415360904789356,45.98649062298597,252.00054500056257,calentamiento
17.43202757145602,45.987756102968035,252.00054500056257,calentamiento
17.44869423812269,45.989021519322634,252.00054500056257,calentamiento
17.465360904789357,45.99028687204997,252.00054500056257,calentamiento
17.482027571456022,45.99155216115026,252.00054500056257,calentamiento
17.49869423812269,45.99281738662371,252.00054500056257,calentamiento
17.515360904789357,45.99408254847055,252.00054500056257,calentamiento
17.532027571456023,45.99534764669098,252.00054500056257,calentamiento
17.54869423812269,45.99661268128522,252.00054500056257,calentamiento
17.565360904789358,45.99787765225348,252.00054500056257,calentamiento
17.582027571456024,45.99914255959598,252.00054500056257,calentamiento
17.59869423812269,46.000407403312934,252.00054500056257,calentamiento
17.615360904789355,46.00167218340456,252.00054500056257,calentamiento
17.632027571456025,46.00293689987107,252.00054500056257,calentamiento
17.64869423812269,46.00420155271268,252.00054500056257,calentamiento
17.665360904789356,46.00546614192962,252.00054500056257,calentamiento
17.68202757145602,46.00673066752209,252.00054500056257,calentamiento
17.69869423812269,46.00799512949033,252.00054500056257,calentamiento
17.715360904789357,46.00925952783455,252.00054500056257,calentamiento
17.732027571456022,46.01052386255497,252.00054500056257,calentamiento
17.74869423812269,46.011788133651805,252.00054500056257,calentamiento
17.765360904789357,46.01305234112528,252.00054500056257,calentamiento
17.782027571456023,46.014316484975616,252.00054500056257,calentamiento
17.79869423812269,46.01558056520303,252.00054500056257,calentamiento
17.815360904789358,46.01684458180775,252.00054500056257,calentamiento
17.832027571456024,46.018108534789995,252.00054500056257,calentamiento
17.84869423812269,46.01937242414999,252.00054500056257,calentamiento
17.865360904789355,46.020636249887964,252.00054500056257,calentamiento
17.882027571456025,46.02190001200413,252.00054500056257,calentamiento
17.89869423812269,46.02316371049872,252.00054500056257,calentamiento
17.915360904789356,46.024427345371954,252.00054500056257,calentamiento
17.93202757145602,46.025690916624065,252.00054500056257,calentamiento
17.94869423812269,46.02695442425527,252.00054500056257,calentamiento
17.965360904789357,46.028217868265806,252.00054500056257,calentamiento
17.982027571456022,46.02948124865589,252.00054500056257,calentamiento
17.99869423812269,46.03074456542575,252.00054500056257,calentamiento
18.015360904789357,46.032007818575615,252.00054500056257,calentamiento
18.032027571456023,46.03327100810572,252.00054500056257,calentamiento
18.04869423812269,46.03453413401629,252.00054500056257,calentamiento
18.065360904789358,46.035797196307556,252.00054500056257,calentamiento
18.082027571456024,46.03706019497974,252.00054500056257,calentamiento
18.09869423812269,46.03832313003308,252.00054500056257,calentamiento
18.115360904789355,46.039586001467804,252.00054500056257,calentamiento
18.132027571456025,46.04084880928414,252.00054500056257,calentamiento
18.14869423812269,46.04211155348233,252.00054500056257,calentamiento
18.165360904789356,46.0433742340626,252.00054500056257,calentamiento
18.18202757145602,46.044636851025174,252.00054500056257,calentamiento
18.19869423812269,46.045899404370296,252.00054500056257,calentamiento
18.215360904789357,46.0471618940982,252.00054500056257,calentamiento
18.232027571456022,46.04842432020912,252.00054500056257,calentamiento
18.24869423812269,46.04968668270329,252.00054500056257,calentamiento
18.265360904789357,46.05094898158094,252.00054500056257,calentamiento
18.282027571456023,46.0522112168423,252.00054500056257,calentamiento
18.29869423812269,46.053473388487625,252.00054500056257,calentamiento
18.315360904789358,46.05473549651714,252.00054500056257,calentamiento
18.332027571456024,46.05599754093108,252.00054500056257,calentamiento
18.34869423812269,46.05725952172969,252.00054500056257,calentamiento
18.365360904789355,46.0585214389132,252.00054500056257,calentamiento
18.382027571456025,46.05978329248186,252.00054500056257,calentamiento
18.39869423812269,46.061045082435896,252.00054500056257,calentamiento
18.415360904789356,46.06230680877555,252.00054500056257,calentamiento
18.43202757145602,46.06356847150107,252.00054500056257,calentamiento
18.44869423812269,46.06483007061269,252.00054500056257,calentamiento
18.465360904789357,46.06609160611065,252.00054500056257,calentamiento
18.482027571456022,46.0673530779952,252.00054500056257,calentamiento
18.49869423812269,46.06861448626657,252.00054500056257,calentamiento
18.515360904789357,46.06987583092501,252.00054500056257,calentamiento
18.532027571456023,46.07113711197076,252.00054500056257,calentamiento
18.54869423812269,46.07239832940406,252.00054500056257,calentamiento
18.565360904789358,46.07365948322516,252.00054500056257,calentamiento
18.582027571456024,46.0749205734343,252.00054500056257,calentamiento
18.59869423812269,46.076181600031724,252.00054500056257,calentamiento
18.615360904789355,46.077442563017684,252.00054500056257,calentamiento
18.632027571456025,46.07870346239242,252.00054500056257,calentamiento
18.64869423812269,46.07996429815618,252.00054500056257,calentamiento
18.665360904789356,46.0812250703092,252.00054500056257,calentamiento
18.68202757145602,46.08248577885175,252.00054500056257,calentamiento
18.69869423812269,46.083746423784056,252.00054500056257,calentamiento
18.715360904789357,46.08500700510638,252.00054500056257,calentamiento
18.732027571456022,46.08626752281896,252.00054500056257,calentamiento
18.74869423812269,46.08752797692205,252.00054500056257,calentamiento
18.765360904789357,46.0887883674159,252.00054500056257,calentamiento
18.782027571456023,46.09004869430076,252.00054500056257,calentamiento
18.79869423812269,46.091308957576885,252.00054500056257,calentamiento
18.815360904789358,46.09256915724452,252.00054500056257,calentamiento
18.832027571456024,46.09382929330391,252.00054500056257,calentamiento
18.84869423812269,46.09508936575532,252.00054500056257,calentamiento
18.865360904789355,46.096349374598994,252.00054500056257,calentamiento
18.882027571456025,46.097609319835186,252.00054500056257,calentamiento
18.89869423812269,46.098869201464154,252.00054500056257,calentamiento
18.915360904789356,46.10012901948615,252.00054500056257,calentamiento
18.93202757145602,46.10138877390142,252.00054500056257,calentamiento
18.94869423812269,46.10264846471023,252.00054500056257,calentamiento
18.965360904789357,46.10390809191283,252.00054500056257,calentamiento
18.982027571456022,46.105167655509476,252.00054500056257,calentamiento
18.99869423812269,46.10642715550043,252.00054500056257,calentamiento
19.015360904789357,46.10768659188594,252.00054500056257,calentamiento
19.032027571456023,46.10894596466626,252.00054500056257,calentamiento
19.04869423812269,46.110205273841665,252.00054500056257,calentamiento
19.065360904789358,46.1114645194124,252.00054500056257,calentamiento
19.082027571456024,46.11272370137873,252.00054500056257,calentamiento
19.09869423812269,46.113982819740905,252.00054500056257,calentamiento
19.115360904789355,46.11524187449919,252.00054500056257,calentamiento
19.132027571456025,46.11650086565385,252.00054500056257,calentamiento
19.14869423812269,46.11775979320513,252.00054500056257,calentamiento
19.165360904789356,46.119018657153305,252.00054500056257,calentamiento
19.18202757145602,46.12027745749863,252.00054500056257,calentamiento
19.19869423812269,46.12153619424137,252.00054500056257,calentamiento
19.2,46.121634808181824,252.00054500056257,calentamiento
19.2,46.121634808181824,252.00054500056257,descarga
19.20009506604457,46.121682354440765,252.00054500056257,descarga
19.20104572649029,46.1221578043331,252.00054500056257,descarga
19.210552330947465,46.12691103377694,252.00054500056257,descarga
19.227218997614134,46.135238671615554,252.00054500056257,descarga
19.2438856642808,46.14355922349898,252.00054500056257,descarga
19.260552330947466,46.15187269538653,252.00054500056257,descarga
19.277218997614135,46.16017909323262,252.00054500056257,descarga
19.2938856642808,46.1684784229868,252.00054500056257,descarga
19.310552330947466,46.176770690593735,252.00054500056257,descarga
19.327218997614132,46.18505590199321,252.00054500056257,descarga
19.3438856642808,46.19333406312014,252.00054500056257,descarga
19.360552330947467,46.201605179904575,252.00054500056257,descarga
19.377218997614133,46.2098692582717,252.00054500056257,descarga
19.3938856642808,46.218126304141855,252.00054500056257,descarga
19.410552330947468,46.22637632343049,252.00054500056257,descarga
19.427218997614133,46.23461932204824,252.00054500056257,descarga
19.4438856642808,46.24285530590086,252.00054500056257,descarga
19.460552330947465,46.25108428088929,252.00054500056257,descarga
19.477218997614134,46.259306252909596,252.00054500056257,descarga
19.4938856642808,46.26752122785304,252.00054500056257,descarga
19.510552330947466,46.27572921160603,252.00054500056257,descarga
19.527218997614135,46.283930210050144,252.00054500056257,descarga
19.5438856642808,46.29212422906215,252.00054500056257,descarga
19.560552330947466,46.30031127451398,252.00054500056257,descarga
19.577218997614132,46.30849135227275,252.00054500056257,descarga
19.5938856642808,46.31666446820076,252.00054500056257,descarga
19.610552330947467,46.32483062815551,252.00054500056257,descarga
19.627218997614133,46.33298983798968,252.00054500056257,descarga
19.6438856642808,46.34114210355115,252.00054500056257,descarga
19.660552330947468,46.349287430683,252.00054500056257,descarga
19.677218997614133,46.357425825223515,252.00054500056257,descarga
19.6938856642808,46.36555729300619,252.00054500056257,descarga
19.710552330947465,46.373681839859735,252.00054500056257,descarga
19.727218997614134,46.38179947160806,252.00054500056257,descarga
19.7438856642808,46.38991019407032,252.00054500056257,descarga
19.760552330947466,46.39801401306086,252.00054500056257,descarga
19.777218997614135,46.406110934389275,252.00054500056257,descarga
19.7938856642808,46.41420096386039,252.00054500056257,descarga
19.810552330947466,46.422284107274244,252.00054500056257,descarga
19.827218997614132,46.430360370426136,252.00054500056257,descarga
19.8438856642808,46.4384297591066,252.00054500056257,descarga
19.860552330947467,46.4464922791014,252.00054500056257,descarga
19.877218997614133,46.45454793619157,252.00054500056257,descarga
19.8938856642808,46.46259673615338,252.00054500056257,descarga
19.910552330947468,46.47063868475837,252.00054500056257,descarga
19.927218997614133,46.478673787773324,252.00054500056257,descarga
19.9438856642808,46.48670205096031,252.00054500056257,descarga
19.960552330947465,46.494723480076644,252.00054500056257,descarga
19.977218997614134,46.50273808087492,252.00054500056257,descarga
19.9938856642808,46.51074585910301,252.00054500056257,descarga
20.010552330947466,46.51874682050406,252.00054500056257,descarga
20.027218997614135,46.526740970816505,252.00054500056257,descarga
20.0438856642808,46.534728315774046,252.00054500056257,descarga
20.060552330947466,46.542708861105694,252.00054500056257,descarga
20.077218997614132,46.550682612535745,252.00054500056257,descarga
20.0938856642808,46.5586495757838,252.00054500056257,descarga
20.110552330947467,46.56660975656474,252.00054500056257,descarga
20.127218997614133,46.57456316058877,252.00054500056257,descarga
20.1438856642808,46.58250979356139,252.00054500056257,descarga
20.160552330947468,46.59044966118343,252.00054500056257,descarga
20.177218997614133,46.598382769151,252.00054500056257,descarga
20.1938856642808,46.60630912315557,252.00054500056257,descarga
20.210552330947465,46.614228728883894,252.00054500056257,descarga
20.227218997614134,46.62214159201808,252.00054500056257,descarga
20.2438856642808,46.63004771823556,252.00054500056257,descarga
20.260552330947466,46.63794711320909,252.00054500056257,descarga
20.277218997614135,46.64583978260676,252.00054500056257,descarga
20.2938856642808,46.65372573209201,252.00054500056257,descarga
20.310552330947466,46.66160496732363,252.00054500056257,descarga
20.327218997614132,46.669477493955746,252.00054500056257,descarga
20.3438856642808,46.677343317637835,252.00054500056257,descarga
20.360552330947467,46.685202444014735,252.00054500056257,descarga
20.377218997614133,46.69305487872664,252.00054500056257,descarga
20.3938856642808,46.70090062740911,252.00054500056257,descarga
20.410552330947468,46.70873969569307,252.00054500056257,descarga
20.427218997614133,46.7165720892048,252.00054500056257,descarga
20.4438856642808,46.72439781356598,252.00054500056257,descarga
20.460552330947465,46.73221687439364,252.00054500056257,descarga
20.477218997614134,46.74002927730021,252.00054500056257,descarga
20.4938856642808,46.74783502789349,252.00054500056257,descarga
20.510552330947466,46.755634131776674,252.00054500056257,descarga
20.527218997614135,46.76342659454835,252.00054500056257,descarga
20.5438856642808,46.771212421802495,252.00054500056257,descarga
20.560552330947466,46.77899161912849,252.00054500056257,descarga
20.577218997614132,46.78676419211111,252.00054500056257,descarga
20.5938856642808,46.79453014633054,252.00054500056257,descarga
20.610552330947467,46.80228948736237,252.00054500056257,descarga
20.627218997614133,46.810042220777625,252.00054500056257,descarga
20.6438856642808,46.817788352142706,252.00054500056257,descarga
20.660552330947468,46.82552788701947,252.00054500056257,descarga
20.677218997614133,46.83326083096518,252.00054500056257,descarga
20.6938856642808,46.84098718953253,252.00054500056257,descarga
20.710552330947465,46.84870696826964,252.00054500056257,descarga
20.727218997614134,46.85642017272007,252.00054500056257,descarga
20.7438856642808,46.86412680842282,252.00054500056257,descarga
20.760552330947466,46.87182688091232,252.00054500056257,descarga
20.777218997614135,46.879520395718465,252.00054500056257,descarga
20.7938856642808,46.887207358366574,252.00054500056257,descarga
20.810552330947466,46.89488777437743,252.00054500056257,descarga
20.827218997614132,46.90256164926728,252.00054500056257,descarga
20.8438856642808,46.91022898854781,252.00054500056257,descarga
20.860552330947467,46.91788979772618,252.00054500056257,descarga
20.877218997614133,46.92554408230503,252.00054500056257,descarga
20.8938856642808,46.933191847782446,252.00054500056257,descarga
20.910552330947468,46.940833099652,252.00054500056257,descarga
20.927218997614133,46.94846784340273,252.00054500056257,descarga
20.9438856642808,46.956096084519174,252.00054500056257,descarga
20.960552330947465,46.963717828481336,252.00054500056257,descarga
20.977218997614134,46.971333080764715,252.00054500056257,descarga
20.9938856642808,46.97894184684031,252.00054500056257,descarga
21.010552330947466,46.986544132174586,252.00054500056257,descarga
21.027218997614135,46.99413994222954,252.00054500056257,descarga
21.0438856642808,47.00172928246264,252.00054500056257,descarga
21.060552330947466,47.00931215832689,252.00054500056257,descarga
21.077218997614132,47.016888575270784,252.00054500056257,descarga
21.0938856642808,47.02445853873832,252.00054500056257,descarga
21.110552330947467,47.03202205416903,252.00054500056257,descarga
21.127218997614133,47.039579126997964,252.00054500056257,descarga
21.1438856642808,47.04712976265568,252.00054500056257,descarga
21.160552330947468,47.054673966568274,252.00054500056257,descarga
21.177218997614133,47.062211744157366,252.00054500056257,descarga
21.1938856642808,47.069743100840114,252.00054500056257,descarga
21.2,47.072504446631164,252.00054500056257,descarga
21.2,47.072504446631164,252.00054500056257,calentamiento
21.20014042433245,47.07251463986432,252.00054500056257,calentamiento
21.201544667656947,47.072616571948885,252.00054500056257,calentamiento
21.215587100901914,47.0736358680947,252.00054500056257,calentamiento
21.232253767568583,47.07484559082503,252.00054500056257,calentamiento
21.24892043423525,47.076055250294225,252.00054500056257,calentamiento
21.265587100901914,47.077264846502906,252.00054500056257,calentamiento
21.28225376756858,47.07847437945169,252.00054500056257,calentamiento
21.29892043423525,47.0796838491412,252.00054500056257,calentamiento
21.315587100901915,47.080893255572036,252.00054500056257,calentamiento
21.33225376756858,47.08210259874483,252.00054500056257,calentamiento
21.34892043423525,47.0833118786602,252.00054500056257,calentamiento
21.365587100901916,47.08452109531875,252.00054500056257,calentamiento
21.38225376756858,47.08573024872111,252.00054500056257,calentamiento
21.398920434235247,47.0869393388679,252.00054500056257,calentamiento
21.415587100901917,47.088148365759736,252.00054500056257,calentamiento
21.432253767568582,47.08935732939724,252.00054500056257,calentamiento
21.448920434235248,47.090566229781025,252.00054500056257,calentamiento
21.465587100901914,47.09177506691172,252.00054500056257,calentamiento
21.482253767568583,47.09298384078995,252.00054500056257,calentamiento
21.49892043423525,47.09419255141633,252.00054500056257,calentamiento
21.515587100901914,47.09540119879148,252.00054500056257,calentamiento
21.53225376756858,47.096609782916026,252.00054500056257,calentamiento
21.54892043423525,47.09781830379059,252.00054500056257,calentamiento
21.565587100901915,47.09902676141579,252.00054500056257,calentamiento
21.58225376756858,47.10023515579226,252.00054500056257,calentamiento
21.59892043423525,47.10144348692062,252.00054500056257,calentamiento
21.615587100901916,47.1026517548015,252.00054500056257,calentamiento
21.63225376756858,47.10385995943552,252.00054500056257,calentamiento
21.648920434235247,47.1050681008233,252.00054500056257,calentamiento
21.665587100901917,47.10627617896547,252.00054500056257,calentamiento
21.682253767568582,47.10748419386267,252.00054500056257,calentamiento
21.698920434235248,47.108692145515505,252.00054500056257,calentamiento
21.715587100901914,47.10990003392462,252.00054500056257,calentamiento
21.732253767568583,47.11110785909063,252.00054500056257,calentamiento
21.74892043423525,47.11231562101417,252.00054500056257,calentamiento
21.765587100901914,47.113523319695865,252.00054500056257,calentamiento
21.78225376756858,47.114730955136345,252.00054500056257,calentamiento
21.79892043423525,47.11593852733624,252.00054500056257,calentamiento
21.815587100901915,47.117146036296184,252.00054500056257,calentamiento
21.83225376756858,47.1183534820168,252.00054500056257,calentamiento
21.84892043423525,47.11956086449872,252.00054500056257,calentamiento
21.865587100901916,47.12076818374259,252.00054500056257,calentamiento
21.88225376756858,47.12197543974902,252.00054500056257,calentamiento
21.898920434235247,47.123182632518656,252.00054500056257,calentamiento
21.915587100901917,47.124389762052125,252.00054500056257,calentamiento
21.932253767568582,47.12559682835006,252.00054500056257,calentamiento
21.948920434235248,47.1268038314131,252.00054500056257,calentamiento
21.965587100901914,47.128010771241875,252.00054500056257,calentamiento
21.982253767568583,47.12921764783702,252.00054500056257,calentamiento
21.99892043423525,47.13042446119916,252.00054500056257,calentamiento
22.015587100901914,47.13163121132895,252.00054500056257,calentamiento
22.03225376756858,47.13283789822701,252.00054500056257,calentamiento
22.04892043423525,47.13404452189398,252.00054500056257,calentamiento
22.065587100901915,47.135251082330505,252.00054500056257,calentamiento
22.08225376756858,47.13645757953721,252.00054500056257,calentamiento
22.09892043423525,47.13766401351473,252.00054500056257,calentamiento
22.115587100901916,47.13887038426371,252.00054500056257,calentamiento
22.13225376756858,47.14007669178479,252.00054500056257,calentamiento
22.148920434235247,47.14128293607861,252.00054500056257,calentamiento
22.165587100901917,47.1424891171458,252.00054500056257,calentamiento
22.182253767568582,47.14369523498701,252.00054500056257,calentamiento
22.198920434235248,47.14490128960287,252.00054500056257,calentamiento
22.215587100901914,47.14610728099402,252.00054500056257,calentamiento
22.232253767568583,47.14731320916111,252.00054500056257,calentamiento
22.24892043423525,47.148519074104776,252.00054500056257,calentamiento
22.265587100901914,47.14972487582566,252.00054500056257,calentamiento
22.28225376756858,47.15093061432441,252.00054500056257,calentamiento
22.29892043423525,47.15213628960166,252.00054500056257,calentamiento
22.315587100901915,47.15334190165805,252.00054500056257,calentamiento
22.33225376756858,47.154547450494235,252.00054500056257,calentamiento
22.34892043423525,47.15575293611085,252.00054500056257,calentamiento
22.365587100901916,47.15695835850855,252.00054500056257,calentamiento
22.38225376756858,47.15816371768796,252.00054500056257,calentamiento
22.398920434235247,47.159369013649744,252.00054500056257,calentamiento
22.415587100901917,47.16057424639454,252.00054500056257,calentamiento
22.432253767568582,47.16177941592299,252.00054500056257,calentamiento
22.448920434235248,47.16298452223575,252.00054500056257,calentamiento
22.465587100901914,47.164189565333466,252.00054500056257,calentamiento
22.482253767568583,47.16539454521678,252.00054500056257,calentamiento
22.49892043423525,47.166599461886335,252.00054500056257,calentamiento
22.515587100901914,47.167804315342785,252.00054500056257,calentamiento
22.53225376756858,47.16900910558678,252.00054500056257,calentamiento
22.54892043423525,47.17021383261897,252.00054500056257,calentamiento
22.565587100901915,47.17141849644,252.00054500056257,calentamiento
22.58225376756858,47.17262309705052,252.00054500056257,calentamiento
22.59892043423525,47.173827634451186,252.00054500056257,calentamiento
22.615587100901916,47.17503210864265,252.00054500056257,calentamiento
22.63225376756858,47.17623651962555,252.00054500056257,calentamiento
22.648920434235247,47.17744086740054,252.00054500056257,calentamiento
22.665587100901917,47.17864515196828,252.00054500056257,calentamiento
22.682253767568582,47.179849373329425,252.00054500056257,calentamiento
22.698920434235248,47.18105353148462,252.00054500056257,calentamiento
22.715587100901914,47.18225762643453,252.00054500056257,calentamiento
22.732253767568583,47.18346165817979,252.00054500056257,calentamiento
22.74892043423525,47.18466562672106,252.00054500056257,calentamiento
22.765587100901914,47.18586953205901,252.00054500056257,calentamiento
22.78225376756858,47.18707337419428,252.00054500056257,calentamiento
22.79892043423525,47.18827715312752,252.00054500056257,calentamiento
22.815587100901915,47.189480868859405,252.00054500056257,calentamiento
22.83225376756858,47.19068452139058,252.00054500056257,calentamiento
22.84892043423525,47.1918881107217,252.00054500056257,calentamiento
22.865587100901916,47.193091636853424,252.00054500056257,calentamiento
22.88225376756858,47.194295099786416,252.00054500056257,calentamiento
22.898920434235247,47.19549849952133,252.00054500056257,calentamiento
22.915587100901917,47.196701836058814,252.00054500056257,calentamiento
22.932253767568582,47.19790510939954,252.00054500056257,calentamiento
22.948920434235248,47.199108319544166,252.00054500056257,calentamiento
22.965587100901914,47.200311466493346,252.00054500056257,calentamiento
22.982253767568583,47.201514550247744,252.00054500056257,calentamiento
22.99892043423525,47.20271757080802,252.00054500056257,calentamiento
23.015587100901914,47.203920528174834,252.00054500056257,calentamiento
23.03225376756858,47.20512342234885,252.00054500056257,calentamiento
23.04892043423525,47.20632625333073,252.00054500056257,calentamiento
23.065587100901915,47.20752902112113,252.00054500056257,calentamiento
23.08225376756858,47.208731725720725,252.00054500056257,calentamiento
23.09892043423525,47.20993436713017,252.00054500056257,calentamiento
23.115587100901916,47.21113694535013,252.00054500056257,calentamiento
23.13225376756858,47.21233946038126,252.00054500056257,calentamiento
23.148920434235247,47.21354191222424,252.00054500056257,calentamiento
23.165587100901917,47.21474430087972,252.00054500056257,calentamiento
23.182253767568582,47.215946626348384,252.00054500056257,calentamiento
23.198920434235248,47.21714888863088,252.00054500056257,calentamiento
23.215587100901914,47.21835108772788,252.00054500056257,calentamiento
23.232253767568583,47.219553223640055,252.00054500056257,calentamiento
23.24892043423525,47.22075529636807,252.00054500056257,calentamiento
23.265587100901914,47.22195730591259,252.00054500056257,calentamiento
23.28225376756858,47.22315925227428,252.00054500056257,calentamiento
23.29892043423525,47.22436113545381,252.00054500056257,calentamiento
23.315587100901915,47.225562955451856,252.00054500056257,calentamiento
23.33225376756858,47.22676471226908,252.00054500056257,calentamiento
23.34892043423525,47.22796640590616,252.00054500056257,calentamiento
23.365587100901916,47.22916803636375,252.00054500056257,calentamiento
23.38225376756858,47.230369603642536,252.00054500056257,calentamiento
23.398920434235247,47.231571107743186,252.00054500056257,calentamiento
23.415587100901917,47.23277254866637,252.00054500056257,calentamiento
23.432253767568582,47.23397392641275,252.00054500056257,calentamiento
23.448920434235248,47.23517524098301,252.00054500056257,calentamiento
23.465587100901914,47.23637649237782,252.00054500056257,calentamiento
23.482253767568583,47.23757768059786,252.00054500056257,calentamiento
23.49892043423525,47.23877880564379,252.00054500056257,calentamiento
23.515587100901914,47.23997986751629,252.00054500056257,calentamiento
23.53225376756858,47.241180866216034,252.00054500056257,calentamiento
23.54892043423525,47.2423818017437,252.00054500056257,calentamiento
23.565587100901915,47.243582674099954,252.00054500056257,calentamiento
23.58225376756858,47.24478348328548,252.00054500056257,calentamiento
23.59892043423525,47.24598422930095,252.00054500056257,calentamiento
23.615587100901916,47.24718491214705,252.00054500056257,calentamiento
23.63225376756858,47.24838553182444,252.00054500056257,calentamiento
23.648920434235247,47.24958608833381,252.00054500056257,calentamiento
23.665587100901917,47.25078658167583,252.00054500056257,calentamiento
23.682253767568582,47.25198701185119,252.00054500056257,calentamiento
23.698920434235248,47.25318737886056,252.00054500056257,calentamiento
23.715587100901914,47.25438768270462,252.00054500056257,calentamiento
23.732253767568583,47.25558792338404,252.00054500056257,calentamiento
23.74892043423525,47.25678810089952,252.00054500056257,calentamiento
23.765587100901914,47.25798821525173,252.00054500056257,calentamiento
23.78225376756858,47.25918826644134,252.00054500056257,calentamiento
23.79892043423525,47.26038825446905,252.00054500056257,calentamiento
23.815587100901915,47.26158817933553,252.00054500056257,calentamiento
23.83225376756858,47.26278804104147,252.00054500056257,calentamiento
23.84892043423525,47.26398783958754,252.00054500056257,calentamiento
23.865587100901916,47.26518757497443,252.00054500056257,calentamiento
23.88225376756858,47.26638724720283,252.00054500056257,calentamiento
23.898920434235247,47.26758685627341,252.00054500056257,calentamiento
23.915587100901917,47.26878640218687,252.00054500056257,calentamiento
23.932253767568582,47.269985884943885,252.00054500056257,calentamiento
23.948920434235248,47.27118530454514,252.00054500056257,calentamiento
23.965587100901914,47.27238466099132,252.00054500056257,calentamiento
23.982253767568583,47.27358395428312,252.00054500056257,calentamiento
23.99892043423525,47.27478318442121,252.00054500056257,calentamiento
24.0,47.27486086111145,252.00054500056257,calentamiento
